bundle,Physician,Bundle Count,% of Total Bundle Count,Average Bundle Cost,Readmission Rate,Post-discharge ER Rate,% Discharged to SNF,% Discharged to IRF,Average Implant Cost
Back and neck except spinal fusion,All,7,1,0.111111111,0.116894648,0.143153542,0.19058288,0.178859755,0.111111111
Back and neck except spinal fusion,Physician 1,1.26,0.18,0.13637853,0.130074748,0.164535769,0.207982824,0.202770205,0.132015618
Back and neck except spinal fusion,Physician 2,0.91,0.13,0.096223235,0.098669132,0.138929307,0.175758663,0.169685697,0.10830459
Back and neck except spinal fusion,Physician 3,0.84,0.12,0.143746711,0.150338531,0.177156408,0.218385607,0.197795871,0.13903069
Back and neck except spinal fusion,Physician 4,0.7,0.1,0.124855465,0.131586017,0.166605903,0.212875663,0.204905408,0.131403335
Back and neck except spinal fusion,Physician 5,0.56,0.08,0.05426765,0.064666787,0.100863471,0.13333633,0.125653359,0.067812717
Back and neck except spinal fusion,Physician 6,0.35,0.05,0.079156623,0.08146998,0.104118991,0.157466825,0.142832322,0.079154559
Back and neck except spinal fusion,Physician 7,0.35,0.05,0.168687263,0.182442555,0.207760426,0.258832507,0.239284854,0.171168252
Back and neck except spinal fusion,Physician 8,0.14,0.02,0.119098778,0.129449113,0.153442324,0.208029176,0.196537623,0.121052301
Back and neck except spinal fusion,Physician 9,0.07,0.01,0.12635954,0.140594429,0.17048187,0.217924564,0.18943362,0.127021614
Double joint replacement of the lower extremity,All,4,1,0.111111111,-0.028466831,-0.01515932,0.086405062,0.038450764,0.111111111
Double joint replacement of the lower extremity,Physician 1,0.72,0.18,0.126768464,-0.010634014,-0.0043499,0.112581522,0.060670173,0.129238019
Double joint replacement of the lower extremity,Physician 2,0.52,0.13,0.09961625,-0.047758323,-0.01962316,0.081573975,0.029261164,0.102174363
Double joint replacement of the lower extremity,Physician 3,0.48,0.12,0.127772156,-0.01218539,0.006850848,0.106309002,0.053932751,0.135754123
Double joint replacement of the lower extremity,Physician 4,0.4,0.1,0.136130709,-0.010469143,0.001888066,0.099392312,0.062862785,0.132062016
Double joint replacement of the lower extremity,Physician 5,0.32,0.08,0.067831679,-0.080800725,-0.068373542,0.031906122,-0.008025552,0.060480757
Double joint replacement of the lower extremity,Physician 6,0.2,0.05,0.090944646,-0.057495523,-0.039556879,0.054322032,0.001450669,0.077725575
Double joint replacement of the lower extremity,Physician 7,0.2,0.05,0.168312829,0.035253497,0.043772853,0.140674367,0.09089786,0.174255348
Double joint replacement of the lower extremity,Physician 8,0.08,0.02,0.116059701,-0.027347651,-0.010260567,0.095215579,0.046403736,0.116279029
Double joint replacement of the lower extremity,Physician 9,0.04,0.01,0.136698474,-0.010102158,0.010456434,0.109491738,0.064040903,0.138475446
Fractures of the femur and hip or pelvis,All,13,1,0.111111111,0.365786349,0.176960102,0.296723207,0.254966114,0.111111111
Fractures of the femur and hip or pelvis,Physician 1,2.34,0.18,0.139079222,0.393071563,0.194201432,0.325707368,0.284462335,0.12841781
Fractures of the femur and hip or pelvis,Physician 2,1.69,0.13,0.107813913,0.34807876,0.160049716,0.280393295,0.251227529,0.097320724
Fractures of the femur and hip or pelvis,Physician 3,1.56,0.12,0.135732996,0.392492662,0.209903105,0.330004836,0.28175234,0.145029851
Fractures of the femur and hip or pelvis,Physician 4,1.3,0.1,0.132517985,0.389112879,0.197316499,0.30814053,0.267798366,0.137710968
Fractures of the femur and hip or pelvis,Physician 5,1.04,0.08,0.051720052,0.32526589,0.123773954,0.239321951,0.203730269,0.070188477
Fractures of the femur and hip or pelvis,Physician 6,0.65,0.05,0.080727934,0.330162705,0.147268023,0.265214151,0.227951846,0.087050086
Fractures of the femur and hip or pelvis,Physician 7,0.65,0.05,0.176497722,0.430908953,0.23316081,0.365867636,0.305533813,0.161592546
Fractures of the femur and hip or pelvis,Physician 8,0.26,0.02,0.123321385,0.368474561,0.190323306,0.307563642,0.264098811,0.12778235
Fractures of the femur and hip or pelvis,Physician 9,0.13,0.01,0.12452911,0.383680956,0.193588748,0.326379663,0.267411483,0.129647682
Hip and femur procedures except major joint,All,47,1,0.111111111,0.270869992,1.187868125,0.172854858,0.494148615,0.111111111
Hip and femur procedures except major joint,Physician 1,8.46,0.18,0.122692652,0.292874261,1.202331295,0.198874464,0.519196035,0.125923695
Hip and femur procedures except major joint,Physician 2,6.11,0.13,0.109777141,0.25178357,1.169349951,0.169324569,0.489772003,0.097021461
Hip and femur procedures except major joint,Physician 3,5.64,0.12,0.12883445,0.28954295,1.20593083,0.19708472,0.524354737,0.145299915
Hip and femur procedures except major joint,Physician 4,4.7,0.1,0.124105695,0.297257373,1.198694234,0.192308954,0.504236713,0.123999167
Hip and femur procedures except major joint,Physician 5,3.76,0.08,0.056404546,0.225270657,1.143333776,0.123363493,0.452940308,0.065592666
Hip and femur procedures except major joint,Physician 6,2.35,0.05,0.080724567,0.234573463,1.154760308,0.143014306,0.473955524,0.083905132
Hip and femur procedures except major joint,Physician 7,2.35,0.05,0.16384097,0.322307294,1.254400632,0.224734706,0.549550741,0.174098532
Hip and femur procedures except major joint,Physician 8,0.94,0.02,0.115045356,0.280933813,1.198989163,0.188243314,0.497603163,0.125123396
Hip and femur procedures except major joint,Physician 9,0.47,0.01,0.123404017,0.293071509,1.216001018,0.196310813,0.513678402,0.140213925
"Lower extremity/humerus procedure except hip, foot, femur",All,14,1,0.10099365,0.194547605,0.208476242,0.166760679,0.296913125,0.10099365
"Lower extremity/humerus procedure except hip, foot, femur",Physician 1,2.52,0.18,0.116617984,0.212128059,0.235277327,0.191817603,0.317343746,0.117604241
"Lower extremity/humerus procedure except hip, foot, femur",Physician 2,1.82,0.13,0.081013578,0.176110629,0.200505504,0.161479554,0.291331055,0.097809282
"Lower extremity/humerus procedure except hip, foot, femur",Physician 3,1.68,0.12,0.130574402,0.214420995,0.228357779,0.188743716,0.323278921,0.131119752
"Lower extremity/humerus procedure except hip, foot, femur",Physician 4,1.4,0.1,0.130765682,0.222775398,0.225917433,0.193880433,0.325263698,0.125418616
"Lower extremity/humerus procedure except hip, foot, femur",Physician 5,1.12,0.08,0.053793982,0.138655249,0.156599038,0.122604489,0.244632138,0.053045334
"Lower extremity/humerus procedure except hip, foot, femur",Physician 6,0.7,0.05,0.071950973,0.158542353,0.187029465,0.129374968,0.272242139,0.078464275
"Lower extremity/humerus procedure except hip, foot, femur",Physician 7,0.7,0.05,0.169352622,0.253260413,0.269861411,0.217299407,0.346959889,0.158444448
"Lower extremity/humerus procedure except hip, foot, femur",Physician 8,0.28,0.02,0.117251605,0.213254435,0.209252328,0.178938723,0.312736887,0.120969047
"Lower extremity/humerus procedure except hip, foot, femur",Physician 9,0.14,0.01,0.12969804,0.205441033,0.230645938,0.188033935,0.323453942,0.11100915
Major joint replacement of the lower extremity (MJRLE),All,192,1,0.111111111,0.25,0.111111111,0.25,0.25,0.111111111
Major joint replacement of the lower extremity (MJRLE),Physician 1,34.56,0.18,0.130536108,0.267352202,0.125329179,0.266360994,0.263110503,0.124997214
Major joint replacement of the lower extremity (MJRLE),Physician 2,24.96,0.13,0.091869752,0.2487767,0.093520473,0.244461075,0.231687363,0.09943699
Major joint replacement of the lower extremity (MJRLE),Physician 3,23.04,0.12,0.142713384,0.283400937,0.136717572,0.267615354,0.283045584,0.127811265
Major joint replacement of the lower extremity (MJRLE),Physician 4,19.2,0.1,0.137198818,0.267415672,0.133182842,0.262647494,0.276629077,0.133508354
Major joint replacement of the lower extremity (MJRLE),Physician 5,15.36,0.08,0.065008596,0.199488531,0.070652155,0.191739087,0.204698752,0.056649501
Major joint replacement of the lower extremity (MJRLE),Physician 6,9.6,0.05,0.086269454,0.228879451,0.078663983,0.215056837,0.222009701,0.086362726
Major joint replacement of the lower extremity (MJRLE),Physician 7,9.6,0.05,0.168702363,0.31151284,0.167392625,0.312714248,0.307025998,0.181014972
Major joint replacement of the lower extremity (MJRLE),Physician 8,3.84,0.02,0.128173018,0.257676544,0.124016608,0.252888453,0.260856477,0.125503069
Major joint replacement of the lower extremity (MJRLE),Physician 9,1.92,0.01,0.131515138,0.261797087,0.13676693,0.273468249,0.273200758,0.139298505
Major joint replacement of the upper extremity,All,21,1,0.111111111,0.464855847,0.419447221,0.224837522,0.260729572,0.111111111
Major joint replacement of the upper extremity,Physician 1,3.78,0.18,0.136674204,0.492896176,0.436346204,0.250009303,0.279729761,0.138268931
Major joint replacement of the upper extremity,Physician 2,2.73,0.13,0.104765782,0.451955649,0.410554912,0.213761989,0.257583952,0.092051748
Major joint replacement of the upper extremity,Physician 3,2.52,0.12,0.132855173,0.489688322,0.438297222,0.257891705,0.283100333,0.141479885
Major joint replacement of the upper extremity,Physician 4,2.1,0.1,0.136825985,0.477153286,0.44904973,0.242094142,0.289090786,0.137399252
Major joint replacement of the upper extremity,Physician 5,1.68,0.08,0.068743951,0.405568,0.361111345,0.179841632,0.215936342,0.070763555
Major joint replacement of the upper extremity,Physician 6,1.05,0.05,0.080676717,0.427732222,0.394899466,0.198609532,0.238861279,0.085760732
Major joint replacement of the upper extremity,Physician 7,1.05,0.05,0.168145045,0.524184972,0.483362495,0.281546143,0.324384875,0.16403376
Major joint replacement of the upper extremity,Physician 8,0.42,0.02,0.123213435,0.480665104,0.426707467,0.225419074,0.279173875,0.118492848
Major joint replacement of the upper extremity,Physician 9,0.21,0.01,0.136799204,0.487663566,0.435691749,0.249425884,0.272008448,0.125407719
Spinal fusion,All,30,1,0.018276095,-0.014300651,0.028174915,0.058738004,-0.020493848,0.018276095
Spinal fusion,Physician 1,5.4,0.18,0.038410825,0.002737926,0.056833452,0.071046206,-0.008061357,0.033864316
Spinal fusion,Physician 2,3.9,0.13,0.016985569,-0.022153498,0.022866269,0.040787346,-0.034297687,0.003913508
Spinal fusion,Physician 3,3.6,0.12,0.039389419,0.002338964,0.053865139,0.078102121,0.007344092,0.053078678
Spinal fusion,Physician 4,3,0.1,0.040825023,0.01048379,0.052652819,0.073812158,0.000914691,0.030804005
Spinal fusion,Physician 5,2.4,0.08,-0.032564855,-0.056502629,-0.020625077,0.004179912,-0.060936363,-0.027431881
Spinal fusion,Physician 6,1.5,0.05,-0.015672392,-0.041731178,-0.003568275,0.024593686,-0.042500108,-0.014412465
Spinal fusion,Physician 7,1.5,0.05,0.071761215,0.051167662,0.080594769,0.11325331,0.03182137,0.06873607
Spinal fusion,Physician 8,0.6,0.02,0.036755059,-0.01398225,0.043102104,0.061219166,-0.011882793,0.033293348
Spinal fusion,Physician 9,0.3,0.01,0.047506835,-0.000281683,0.046246894,0.071277098,-0.009936722,0.03644829
Renal failure,All,96,1,0.111111111,0.25,0.111111111,0.25,0.25,0.111111111
Renal failure,Physician 1,17.28,0.18,0.125876143,0.270504687,0.132387539,0.261879045,0.276435482,0.131542175
Renal failure,Physician 2,12.48,0.13,0.095271005,0.231507802,0.09507655,0.232758715,0.231140322,0.093850888
Renal failure,Physician 3,11.52,0.12,0.133929954,0.266417165,0.142837245,0.273243757,0.274556173,0.140837842
Renal failure,Physician 4,9.6,0.1,0.130712098,0.264720695,0.12405222,0.276129979,0.275993515,0.126664374
Renal failure,Physician 5,7.68,0.08,0.059025029,0.197492136,0.068826683,0.192097716,0.20603321,0.054583859
Renal failure,Physician 6,4.8,0.05,0.071817003,0.2252372,0.086745386,0.211715368,0.215735651,0.085268728
Renal failure,Physician 7,4.8,0.05,0.172512468,0.310769251,0.18013583,0.30008939,0.318244837,0.163048213
Renal failure,Physician 8,1.92,0.02,0.114558009,0.266583262,0.123806409,0.263991051,0.263324172,0.114246568
Renal failure,Physician 9,0.96,0.01,0.139085415,0.271066477,0.125782222,0.266793827,0.278364024,0.132828829
Cellulitis,All,50,1,0.111111111,0.247572338,0.312159397,0.130092232,0.163578624,0.111111111
Cellulitis,Physician 1,9,0.18,0.127396513,0.269103697,0.33790574,0.150776281,0.182782189,0.138589289
Cellulitis,Physician 2,6.5,0.13,0.092668412,0.239963905,0.304763822,0.123854355,0.153511416,0.105027062
Cellulitis,Physician 3,6,0.12,0.142214112,0.26588327,0.335279757,0.158478838,0.188440046,0.128905842
Cellulitis,Physician 4,5,0.1,0.124842385,0.271597756,0.327819194,0.141611892,0.17615178,0.140671559
Cellulitis,Physician 5,4,0.08,0.069663818,0.197195251,0.253704121,0.088303784,0.110683628,0.055127261
Cellulitis,Physician 6,2.5,0.05,0.08292403,0.212846221,0.286456397,0.09035863,0.124828449,0.085764206
Cellulitis,Physician 7,2.5,0.05,0.165118769,0.311991629,0.37514379,0.19529611,0.214957874,0.163681131
Cellulitis,Physician 8,1,0.02,0.113273183,0.263697177,0.320371084,0.149487424,0.172571933,0.113634628
Cellulitis,Physician 9,0.5,0.01,0.128882912,0.257866281,0.324201983,0.146509124,0.179253824,0.138450762
Sepsis,All,283,1,0.008115528,-0.008173505,-0.093339727,0.048075896,0.116599643,0.008115528
Sepsis,Physician 1,50.94,0.18,0.037599705,0.01014883,-0.065121176,0.067144663,0.133738319,0.031107293
Sepsis,Physician 2,36.79,0.13,-0.005089827,-0.021935544,-0.098543061,0.045061229,0.107821901,0.007632941
Sepsis,Physician 3,33.96,0.12,0.032217104,0.015356369,-0.060353577,0.066805126,0.145022773,0.03199041
Sepsis,Physician 4,28.3,0.1,0.027636075,0.021357116,-0.081355113,0.058347635,0.133820755,0.018171909
Sepsis,Physician 5,22.64,0.08,-0.047686883,-0.054099939,-0.141170725,0.003259791,0.069962547,-0.03296218
Sepsis,Physician 6,14.15,0.05,-0.020831269,-0.047621163,-0.129737053,0.020734866,0.092566216,-0.013008289
Sepsis,Physician 7,14.15,0.05,0.058829987,0.055450996,-0.024198544,0.115387749,0.180273182,0.071836868
Sepsis,Physician 8,5.66,0.02,0.027316211,-0.005347391,-0.086207423,0.049624865,0.136534754,0.011420624
Sepsis,Physician 9,2.83,0.01,0.033628172,0.014634737,-0.065700427,0.060914109,0.138793008,0.024250047
Urinary tract infection,All,81,1,0.081257841,0.25,0.111111111,0.25,0.25,0.111111111
Urinary tract infection,Physician 1,14.58,0.18,0.103120519,0.264438217,0.123267888,0.260993131,0.279378287,0.132130913
Urinary tract infection,Physician 2,10.53,0.13,0.070634266,0.23656978,0.107942116,0.247327786,0.233708649,0.10323891
Urinary tract infection,Physician 3,9.72,0.12,0.105461141,0.266893397,0.132182501,0.265500382,0.278463041,0.127120914
Urinary tract infection,Physician 4,8.1,0.1,0.104148079,0.261591039,0.127910757,0.267490288,0.272618791,0.139543757
Urinary tract infection,Physician 5,6.48,0.08,0.02668308,0.200923942,0.058913789,0.191818861,0.204996069,0.053081819
Urinary tract infection,Physician 6,4.05,0.05,0.047817166,0.227027743,0.088389276,0.216462328,0.216371007,0.077053432
Urinary tract infection,Physician 7,4.05,0.05,0.131785984,0.31528717,0.170965003,0.316859585,0.319152736,0.161527263
Urinary tract infection,Physician 8,1.62,0.02,0.095299429,0.264966413,0.115382564,0.263444278,0.256982223,0.113637267
Urinary tract infection,Physician 9,0.81,0.01,0.097660762,0.272380184,0.137222062,0.279918759,0.271597873,0.133147649
Seizures,All,24,1,0.111111111,0.263302914,0.254369456,0.146730147,0.253697005,0.111111111
Seizures,Physician 1,4.32,0.18,0.128334693,0.283535173,0.269231279,0.157718384,0.27635628,0.139310964
Seizures,Physician 2,3.12,0.13,0.107077862,0.24959282,0.252606436,0.135542933,0.244492768,0.104285649
Seizures,Physician 3,2.88,0.12,0.136866997,0.285946865,0.271262963,0.179048691,0.282603767,0.137766809
Seizures,Physician 4,2.4,0.1,0.136273581,0.286051966,0.266425315,0.176101324,0.282636769,0.127196111
Seizures,Physician 5,1.92,0.08,0.065094787,0.211803436,0.2047201,0.097758204,0.203906034,0.06191553
Seizures,Physician 6,1.2,0.05,0.089199974,0.236879175,0.227470188,0.120588456,0.233174039,0.079274956
Seizures,Physician 7,1.2,0.05,0.175150568,0.314015989,0.304940701,0.201481955,0.311214219,0.1679423
Seizures,Physician 8,0.48,0.02,0.121698326,0.282393734,0.274312114,0.155934175,0.253880222,0.123483368
Seizures,Physician 9,0.24,0.01,0.128793805,0.283974089,0.277696887,0.175315074,0.271370268,0.135492607
Stroke,All,88,1,0.111111111,0.25,0.111111111,0.25,0.25,0.111111111
Stroke,Physician 1,15.84,0.18,0.128456433,0.265008587,0.139384288,0.27708116,0.274958163,0.136018441
Stroke,Physician 2,11.44,0.13,0.094462878,0.245355261,0.09302369,0.245755618,0.231807159,0.108832052
Stroke,Physician 3,10.56,0.12,0.128004902,0.273159983,0.135168359,0.266224985,0.266508528,0.13138549
Stroke,Physician 4,8.8,0.1,0.138026913,0.262370393,0.129572555,0.272610601,0.272236625,0.121850009
Stroke,Physician 5,7.04,0.08,0.059196163,0.208725203,0.055048088,0.207294355,0.199156034,0.069403578
Stroke,Physician 6,4.4,0.05,0.090744189,0.2259446,0.082106735,0.220598548,0.215065753,0.082425953
Stroke,Physician 7,4.4,0.05,0.179012774,0.312627291,0.173798689,0.314113461,0.319579645,0.163024018
Stroke,Physician 8,1.76,0.02,0.119638882,0.266658012,0.123124554,0.250532477,0.260017772,0.124376981
Stroke,Physician 9,0.88,0.01,0.121644604,0.262708146,0.132645707,0.279970094,0.27776819,0.124735178
Acute myocardial infarction,All,54,1,0.111111111,0.25,0.111111111,0.25,0.25,0.111111111
Acute myocardial infarction,Physician 1,9.72,0.18,0.125878793,0.261647282,0.125926226,0.268797811,0.275188452,0.129660086
Acute myocardial infarction,Physician 2,7.02,0.13,0.099793072,0.243491583,0.100733164,0.23881098,0.242756249,0.096639363
Acute myocardial infarction,Physician 3,6.48,0.12,0.131464253,0.270687393,0.128346255,0.276308817,0.27992564,0.126425005
Acute myocardial infarction,Physician 4,5.4,0.1,0.130957413,0.272185814,0.13102392,0.270732383,0.263269698,0.123933981
Acute myocardial infarction,Physician 5,4.32,0.08,0.068793232,0.193298314,0.054741765,0.195515022,0.20977561,0.05401151
Acute myocardial infarction,Physician 6,2.7,0.05,0.079954502,0.226101285,0.076856843,0.228580367,0.214444027,0.090858541
Acute myocardial infarction,Physician 7,2.7,0.05,0.168595154,0.315571613,0.180231277,0.305953765,0.302953853,0.180339045
Acute myocardial infarction,Physician 8,1.08,0.02,0.122052292,0.257760668,0.117153871,0.257859397,0.252901635,0.121420216
Acute myocardial infarction,Physician 9,0.54,0.01,0.123362886,0.266940994,0.138465711,0.26517126,0.26782756,0.130146193
Cardiac arrhythmia,All,82,1,-0.040997105,-0.002881951,-0.051050629,-0.153073544,-0.065957398,-0.040997105
Cardiac arrhythmia,Physician 1,14.76,0.18,-0.02950967,0.019360838,-0.026734458,-0.13590308,-0.036013786,-0.019070545
Cardiac arrhythmia,Physician 2,10.66,0.13,-0.051565815,-0.017915336,-0.057713081,-0.165397013,-0.075739207,-0.051941498
Cardiac arrhythmia,Physician 3,9.84,0.12,-0.010868548,0.028472189,-0.028910748,-0.126081232,-0.042860351,-0.008817915
Cardiac arrhythmia,Physician 4,8.2,0.1,-0.026916974,0.013768473,-0.026958074,-0.136138143,-0.037050354,-0.022964297
Cardiac arrhythmia,Physician 5,6.56,0.08,-0.096552588,-0.043146074,-0.101521232,-0.204078255,-0.112537724,-0.083494503
Cardiac arrhythmia,Physician 6,4.1,0.05,-0.073953108,-0.037807209,-0.086796098,-0.173934914,-0.104511751,-0.079648359
Cardiac arrhythmia,Physician 7,4.1,0.05,0.016752615,0.063063197,0.001014831,-0.100737474,-0.004499831,0.019425462
Cardiac arrhythmia,Physician 8,1.64,0.02,-0.038874714,0.003349802,-0.04808902,-0.140174082,-0.053166033,-0.027107812
Cardiac arrhythmia,Physician 9,0.82,0.01,-0.030250296,0.015823452,-0.025732397,-0.141084921,-0.046465627,-0.026471559
Cardiac defibrillator,All,5,1,0.111111111,0.109850987,0.148895957,0.178062778,0.25993753,0.111111111
Cardiac defibrillator,Physician 1,0.9,0.18,0.122928091,0.125075383,0.160158347,0.194517681,0.287088488,0.123015972
Cardiac defibrillator,Physician 2,0.65,0.13,0.101002167,0.108711937,0.135244069,0.160120552,0.244396353,0.106799938
Cardiac defibrillator,Physician 3,0.6,0.12,0.134876197,0.136313023,0.173873567,0.207360696,0.293508488,0.139297082
Cardiac defibrillator,Physician 4,0.5,0.1,0.139261723,0.139113301,0.169519022,0.189959436,0.276848016,0.129298873
Cardiac defibrillator,Physician 5,0.4,0.08,0.055137784,0.053200428,0.103553757,0.135545194,0.210288678,0.061026185
Cardiac defibrillator,Physician 6,0.25,0.05,0.077209036,0.078103246,0.111648901,0.149816772,0.223780408,0.085402077
Cardiac defibrillator,Physician 7,0.25,0.05,0.174908476,0.170193903,0.214975433,0.231049281,0.327457954,0.173604148
Cardiac defibrillator,Physician 8,0.1,0.02,0.12554287,0.118991383,0.153610702,0.195597613,0.279442118,0.126936964
Cardiac defibrillator,Physician 9,0.05,0.01,0.127573155,0.126266223,0.177002235,0.20581945,0.274286253,0.128363081
Cardiac valve,All,29,1,0.025345273,-0.015978164,0.027938495,0.022160292,0.097045792,0.025345273
Cardiac valve,Physician 1,5.22,0.18,0.038207655,0.003184484,0.048824055,0.048242226,0.114088341,0.05412777
Cardiac valve,Physician 2,3.77,0.13,0.008675695,-0.021969184,0.016428961,0.014666541,0.096019285,0.008436198
Cardiac valve,Physician 3,3.48,0.12,0.054674028,0.010318991,0.044926432,0.04655999,0.128205697,0.057097662
Cardiac valve,Physician 4,2.9,0.1,0.054085685,0.013308346,0.04467538,0.048628983,0.111459651,0.036374043
Cardiac valve,Physician 5,2.32,0.08,-0.031726512,-0.063921709,-0.026211408,-0.03698183,0.037302842,-0.015025186
Cardiac valve,Physician 6,1.45,0.05,-0.006111321,-0.047064738,0.001937671,-0.002461912,0.057678774,0.00398588
Cardiac valve,Physician 7,1.45,0.05,0.09493324,0.042698473,0.086915801,0.083573683,0.148668006,0.079114744
Cardiac valve,Physician 8,0.58,0.02,0.026240875,-0.012517195,0.03507857,0.026224715,0.108657497,0.028247974
Cardiac valve,Physician 9,0.29,0.01,0.046380415,-0.003175714,0.048737252,0.040292017,0.110732611,0.03659103
Congestive heart failure,All,183,1,0.111111111,0.25,0.111111111,0.25,0.25,0.111111111
Congestive heart failure,Physician 1,32.94,0.18,0.135313576,0.269266005,0.131048745,0.268428066,0.27527917,0.126336163
Congestive heart failure,Physician 2,23.79,0.13,0.102269127,0.244524938,0.108344195,0.24853761,0.248473889,0.104238555
Congestive heart failure,Physician 3,21.96,0.12,0.134913615,0.265195449,0.133731977,0.281799811,0.27481132,0.12820204
Congestive heart failure,Physician 4,18.3,0.1,0.138622004,0.27110458,0.122341504,0.268800339,0.270892517,0.126149977
Congestive heart failure,Physician 5,14.64,0.08,0.061084782,0.205133912,0.066351234,0.209854785,0.195269067,0.070097631
Congestive heart failure,Physician 6,9.15,0.05,0.084338791,0.212337632,0.087543868,0.22739192,0.22581354,0.076087161
Congestive heart failure,Physician 7,9.15,0.05,0.169166085,0.3003859,0.16985882,0.304130888,0.311683585,0.170238359
Congestive heart failure,Physician 8,3.66,0.02,0.130296594,0.269435361,0.128210144,0.266706504,0.264740406,0.12329724
Congestive heart failure,Physician 9,1.83,0.01,0.127207058,0.273051509,0.127471907,0.273647126,0.265933319,0.121562545
Coronary artery bypass graft,All,22,1,0.05728898,-0.001612059,0.14912004,-0.024033462,0.203450332,0.05728898
Coronary artery bypass graft,Physician 1,3.96,0.18,0.072306233,0.022826987,0.160022706,0.004159782,0.21851536,0.067925016
Coronary artery bypass graft,Physician 2,2.86,0.13,0.049475867,-0.012685738,0.136506822,-0.032941581,0.195664633,0.039413419
Coronary artery bypass graft,Physician 3,2.64,0.12,0.077496943,0.01531619,0.16465916,8.16169E-05,0.233101239,0.091357395
Coronary artery bypass graft,Physician 4,2.2,0.1,0.077824095,0.024456606,0.17311446,-0.00855159,0.217594599,0.084310529
Coronary artery bypass graft,Physician 5,1.76,0.08,0.006749882,-0.048534873,0.098693557,-0.074562122,0.163194651,-0.001178027
Coronary artery bypass graft,Physician 6,1.1,0.05,0.018049043,-0.029523319,0.127917927,-0.061761358,0.179613684,0.021430735
Coronary artery bypass graft,Physician 7,1.1,0.05,0.118489535,0.060835879,0.201892533,0.031488772,0.270470193,0.123290733
Coronary artery bypass graft,Physician 8,0.44,0.02,0.072838036,-0.001106469,0.152063446,-0.006161768,0.217011708,0.076851813
Coronary artery bypass graft,Physician 9,0.22,0.01,0.078345552,0.018632472,0.168342989,0.001337551,0.232141639,0.077295811
Pacemaker,All,23,1,-0.075583151,-0.255490882,-0.144324825,-0.133801592,-0.191280627,-0.075583151
Pacemaker,Physician 1,4.14,0.18,-0.063935971,-0.231232908,-0.119609163,-0.107271855,-0.169693839,-0.046544878
Pacemaker,Physician 2,2.99,0.13,-0.09391668,-0.259302811,-0.148765255,-0.139178939,-0.192446164,-0.085091943
Pacemaker,Physician 3,2.76,0.12,-0.04931974,-0.229906764,-0.109965769,-0.113258085,-0.168892841,-0.050860403
Pacemaker,Physician 4,2.3,0.1,-0.057764755,-0.242995191,-0.121613084,-0.116252572,-0.172126856,-0.054591398
Pacemaker,Physician 5,1.84,0.08,-0.131946026,-0.296265432,-0.198093452,-0.178008565,-0.233163507,-0.132834459
Pacemaker,Physician 6,1.15,0.05,-0.111445671,-0.289185008,-0.178768318,-0.155344321,-0.229043084,-0.111861395
Pacemaker,Physician 7,1.15,0.05,-0.008493395,-0.195251857,-0.091593648,-0.081487849,-0.122192694,-0.019319911
Pacemaker,Physician 8,0.46,0.02,-0.0582016,-0.252782518,-0.127683022,-0.127498273,-0.190658854,-0.062121997
Pacemaker,Physician 9,0.23,0.01,-0.062685183,-0.236094255,-0.12445499,-0.109847411,-0.181085752,-0.065512519
Percutaneous coronary intervention,All,56,1,-0.068074406,-0.150596056,-0.194201373,-0.211236919,-0.201678284,-0.068074406
Percutaneous coronary intervention,Physician 1,10.08,0.18,-0.050968423,-0.124164078,-0.179585168,-0.182380062,-0.176903194,-0.043963662
Percutaneous coronary intervention,Physician 2,7.28,0.13,-0.072852724,-0.169513259,-0.199504531,-0.219851653,-0.220374687,-0.087472958
Percutaneous coronary intervention,Physician 3,6.72,0.12,-0.033414009,-0.126176957,-0.176674634,-0.187405682,-0.174917473,-0.036215352
Percutaneous coronary intervention,Physician 4,5.6,0.1,-0.047985754,-0.139213503,-0.172780378,-0.193837135,-0.17587545,-0.056755458
Percutaneous coronary intervention,Physician 5,4.48,0.08,-0.124083229,-0.199663266,-0.237900965,-0.252913767,-0.246597264,-0.120249101
Percutaneous coronary intervention,Physician 6,2.8,0.05,-0.101090498,-0.183864724,-0.227941073,-0.241790572,-0.235107533,-0.089892049
Percutaneous coronary intervention,Physician 7,2.8,0.05,0.001709689,-0.084568663,-0.144077968,-0.150697122,-0.136800399,-0.003929413
Percutaneous coronary intervention,Physician 8,1.12,0.02,-0.04955688,-0.131807701,-0.184585601,-0.199015185,-0.195004672,-0.051436574
Percutaneous coronary intervention,Physician 9,0.56,0.01,-0.044255301,-0.12265804,-0.177978886,-0.191528454,-0.173299556,-0.047083009
Transcatheter Aortic Valve Replacement,All,13,1,-0.068743654,-0.11143572,-0.055303243,-0.02885254,0.044680474,-0.068743654
Transcatheter Aortic Valve Replacement,Physician 1,2.34,0.18,-0.039742343,-0.098681492,-0.036262028,-0.002195032,0.065710134,-0.056120765
Transcatheter Aortic Valve Replacement,Physician 2,1.69,0.13,-0.070137536,-0.129866139,-0.060836081,-0.032307237,0.043256693,-0.078191013
Transcatheter Aortic Valve Replacement,Physician 3,1.56,0.12,-0.046579845,-0.081873588,-0.032346314,-0.000782951,0.065005107,-0.039562208
Transcatheter Aortic Valve Replacement,Physician 4,1.3,0.1,-0.057722442,-0.097633003,-0.030924898,-0.006179452,0.06658296,-0.054539453
Transcatheter Aortic Valve Replacement,Physician 5,1.04,0.08,-0.112007114,-0.169330756,-0.107604343,-0.076413218,-0.001979207,-0.117209777
Transcatheter Aortic Valve Replacement,Physician 6,0.65,0.05,-0.102916223,-0.133059967,-0.092105507,-0.049375008,0.010000137,-0.092810235
Transcatheter Aortic Valve Replacement,Physician 7,0.65,0.05,-0.00926796,-0.053832335,-0.001921174,0.032681201,0.103200386,-0.014030669
Transcatheter Aortic Valve Replacement,Physician 8,0.26,0.02,-0.052583544,-0.092990233,-0.042507825,-0.009762032,0.055223601,-0.049849338
Transcatheter Aortic Valve Replacement,Physician 9,0.13,0.01,-0.044426184,-0.084430885,-0.044266235,-0.000622812,0.065052195,-0.052881303
"COPD, bronchitis, asthma",All,141,1,0.111111111,0.25,0.111111111,0.25,0.25,0.111111111
"COPD, bronchitis, asthma",Physician 1,25.38,0.18,0.126572526,0.279208722,0.130243175,0.27075631,0.262750705,0.126563732
"COPD, bronchitis, asthma",Physician 2,18.33,0.13,0.107968928,0.245390769,0.102317472,0.246379928,0.246869834,0.106184751
"COPD, bronchitis, asthma",Physician 3,16.92,0.12,0.131804316,0.265112582,0.139226426,0.279866661,0.267687316,0.128038093
"COPD, bronchitis, asthma",Physician 4,14.1,0.1,0.13391956,0.26303539,0.134111016,0.279267532,0.263860014,0.138982694
"COPD, bronchitis, asthma",Physician 5,11.28,0.08,0.058361167,0.208856139,0.058748457,0.190718565,0.200513055,0.063796161
"COPD, bronchitis, asthma",Physician 6,7.05,0.05,0.071310668,0.210003232,0.084279589,0.213303592,0.211269152,0.087263844
"COPD, bronchitis, asthma",Physician 7,7.05,0.05,0.180268204,0.30789737,0.177759216,0.307816052,0.318533132,0.169736222
"COPD, bronchitis, asthma",Physician 8,2.82,0.02,0.128840397,0.268696394,0.123663925,0.267439651,0.258298267,0.117638149
"COPD, bronchitis, asthma",Physician 9,1.41,0.01,0.131875948,0.275139638,0.129855772,0.264555764,0.278447838,0.122231549
Simple pneumonia and respiratory infections,All,126,1,0.031451241,0.076205988,0.217803232,0.122759278,0.195899439,0.031451241
Simple pneumonia and respiratory infections,Physician 1,22.68,0.18,0.05560366,0.094257376,0.232755611,0.142174753,0.208152564,0.048935599
Simple pneumonia and respiratory infections,Physician 2,16.38,0.13,0.0208115,0.06428905,0.213015443,0.109784816,0.191586496,0.030409184
Simple pneumonia and respiratory infections,Physician 3,15.12,0.12,0.05709274,0.09494665,0.246671844,0.154554892,0.217927356,0.059365069
Simple pneumonia and respiratory infections,Physician 4,12.6,0.1,0.057101899,0.100339225,0.236698528,0.148251103,0.211896792,0.056927461
Simple pneumonia and respiratory infections,Physician 5,10.08,0.08,-0.010070714,0.03408247,0.165985526,0.081944048,0.148140466,-0.018713094
Simple pneumonia and respiratory infections,Physician 6,6.3,0.05,-0.00727489,0.050786812,0.188551915,0.091371224,0.160179235,-0.003049091
Simple pneumonia and respiratory infections,Physician 7,6.3,0.05,0.096548419,0.130852219,0.272716069,0.191861375,0.257051495,0.084622544
Simple pneumonia and respiratory infections,Physician 8,2.52,0.02,0.042464012,0.07927814,0.226673974,0.124278878,0.199320557,0.040935238
Simple pneumonia and respiratory infections,Physician 9,1.26,0.01,0.060437398,0.100415522,0.229966848,0.152339971,0.218039448,0.048927441
Bariatric Surgery,All,6,1,0.072254856,0.300556825,0.209039243,0.164659757,0.100338169,0.072254856
Bariatric Surgery,Physician 1,1.08,0.18,0.082572026,0.330346555,0.219955302,0.175967432,0.125624705,0.089287133
Bariatric Surgery,Physician 2,0.78,0.13,0.055287782,0.28889278,0.190246308,0.152208046,0.08657876,0.064985776
Bariatric Surgery,Physician 3,0.72,0.12,0.102090253,0.319211328,0.239378264,0.184634556,0.116449446,0.096093284
Bariatric Surgery,Physician 4,0.6,0.1,0.085402002,0.327604738,0.223340677,0.17949802,0.120308466,0.094029521
Bariatric Surgery,Physician 5,0.48,0.08,0.030239463,0.251136254,0.15831495,0.107401637,0.051016416,0.012914104
Bariatric Surgery,Physician 6,0.3,0.05,0.050444333,0.261219273,0.174704891,0.142211912,0.070643464,0.044601856
Bariatric Surgery,Physician 7,0.3,0.05,0.13851418,0.365687689,0.277449891,0.226701768,0.170149188,0.134495322
Bariatric Surgery,Physician 8,0.12,0.02,0.082458587,0.303064961,0.216166952,0.177267504,0.10952517,0.084644458
Bariatric Surgery,Physician 9,0.06,0.01,0.092625393,0.327619447,0.225621317,0.190143212,0.116580505,0.084365433
"Disorders of the liver excluding malignancy, cirrhosis, alcoholic hepatitis",All,14,1,0.005926932,-0.076134673,-0.034421093,0.067350309,0.090045223,0.005926932
"Disorders of the liver excluding malignancy, cirrhosis, alcoholic hepatitis",Physician 1,2.52,0.18,0.025299051,-0.054406896,-0.018894966,0.084929777,0.113030726,0.031791733
"Disorders of the liver excluding malignancy, cirrhosis, alcoholic hepatitis",Physician 2,1.82,0.13,-0.01065153,-0.080920518,-0.039060059,0.049644637,0.077863235,0.003591209
"Disorders of the liver excluding malignancy, cirrhosis, alcoholic hepatitis",Physician 3,1.68,0.12,0.040660691,-0.060729637,-0.012474971,0.093207872,0.108104539,0.031205722
"Disorders of the liver excluding malignancy, cirrhosis, alcoholic hepatitis",Physician 4,1.4,0.1,0.020052712,-0.062612608,-0.015314176,0.081738231,0.111066914,0.025937846
"Disorders of the liver excluding malignancy, cirrhosis, alcoholic hepatitis",Physician 5,1.12,0.08,-0.041789265,-0.11878026,-0.092864045,0.007643446,0.034034787,-0.050221688
"Disorders of the liver excluding malignancy, cirrhosis, alcoholic hepatitis",Physician 6,0.7,0.05,-0.018395536,-0.106636175,-0.068752635,0.044689743,0.061718393,-0.014083675
"Disorders of the liver excluding malignancy, cirrhosis, alcoholic hepatitis",Physician 7,0.7,0.05,0.060512552,-0.022041618,0.021213478,0.11746926,0.149855414,0.061793325
"Disorders of the liver excluding malignancy, cirrhosis, alcoholic hepatitis",Physician 8,0.28,0.02,0.012271635,-0.066155875,-0.032231527,0.070892253,0.098503121,0.010308996
"Disorders of the liver excluding malignancy, cirrhosis, alcoholic hepatitis",Physician 9,0.14,0.01,0.031093104,-0.050465458,-0.006323539,0.086476605,0.101397801,0.02870134
Gastrointestinal hemorrhage,All,77,1,0.072812026,0.148701557,0.257268348,0.162153955,0.157139918,0.072812026
Gastrointestinal hemorrhage,Physician 1,13.86,0.18,0.09043943,0.163719765,0.285050599,0.174810344,0.167142754,0.100227154
Gastrointestinal hemorrhage,Physician 2,10.01,0.13,0.059076518,0.134359519,0.244858091,0.148836933,0.142286557,0.061067016
Gastrointestinal hemorrhage,Physician 3,9.24,0.12,0.090889844,0.177463594,0.281792917,0.187703965,0.190523084,0.09321593
Gastrointestinal hemorrhage,Physician 4,7.7,0.1,0.102701221,0.175878455,0.287170804,0.178009315,0.171345819,0.102277149
Gastrointestinal hemorrhage,Physician 5,6.16,0.08,0.02627315,0.108619358,0.19840507,0.108413681,0.100457978,0.013468041
Gastrointestinal hemorrhage,Physician 6,3.85,0.05,0.049452326,0.11457964,0.220506081,0.132817749,0.120254401,0.043493172
Gastrointestinal hemorrhage,Physician 7,3.85,0.05,0.134611196,0.208394873,0.309737698,0.226983742,0.212633598,0.136579551
Gastrointestinal hemorrhage,Physician 8,1.54,0.02,0.075972812,0.163832765,0.2735029,0.173668137,0.159969615,0.077150326
Gastrointestinal hemorrhage,Physician 9,0.77,0.01,0.101280688,0.171917424,0.274026054,0.188420142,0.175419382,0.102462739
Gastrointestinal obstruction,All,37,1,0.091685902,0.11952875,0.248437601,0.234343884,0.327242408,0.091685902
Gastrointestinal obstruction,Physician 1,6.66,0.18,0.11428752,0.144427456,0.27497585,0.244646486,0.344946075,0.121550541
Gastrointestinal obstruction,Physician 2,4.81,0.13,0.084353523,0.104072298,0.236396196,0.22789707,0.310452886,0.082203387
Gastrointestinal obstruction,Physician 3,4.44,0.12,0.116301833,0.146420806,0.267439722,0.252665946,0.358469688,0.118532753
Gastrointestinal obstruction,Physician 4,3.7,0.1,0.102161709,0.146470164,0.271137168,0.249679244,0.339830902,0.118233775
Gastrointestinal obstruction,Physician 5,2.96,0.08,0.036579721,0.060075194,0.191731326,0.183670139,0.278747991,0.045083596
Gastrointestinal obstruction,Physician 6,1.85,0.05,0.068894767,0.090490885,0.214365275,0.203759523,0.291621926,0.059495423
Gastrointestinal obstruction,Physician 7,1.85,0.05,0.15473811,0.171539971,0.303986461,0.290767088,0.377357335,0.152624002
Gastrointestinal obstruction,Physician 8,0.74,0.02,0.093016835,0.129043414,0.267885828,0.247327038,0.330420658,0.100818397
Gastrointestinal obstruction,Physician 9,0.37,0.01,0.108233461,0.138041915,0.264370718,0.253601379,0.34719581,0.108720966
Inflammatory Bowel Disease,All,5,1,0.103160865,0.212358585,0.151369833,0.128436944,0.201977725,0.103160865
Inflammatory Bowel Disease,Physician 1,0.9,0.18,0.12001115,0.223703611,0.179499902,0.151187816,0.215634532,0.129153324
Inflammatory Bowel Disease,Physician 2,0.65,0.13,0.08384766,0.206465957,0.1403577,0.122614124,0.186724339,0.084726047
Inflammatory Bowel Disease,Physician 3,0.6,0.12,0.135898534,0.237785911,0.18070668,0.153498245,0.236151353,0.12469428
Inflammatory Bowel Disease,Physician 4,0.5,0.1,0.115359027,0.237458975,0.167274215,0.146211361,0.218129249,0.118022317
Inflammatory Bowel Disease,Physician 5,0.4,0.08,0.061723685,0.156139889,0.094659452,0.081445498,0.143734576,0.055201388
Inflammatory Bowel Disease,Physician 6,0.25,0.05,0.074254139,0.176398179,0.126606669,0.101630527,0.172564583,0.072786273
Inflammatory Bowel Disease,Physician 7,0.25,0.05,0.165987797,0.277905801,0.216333134,0.190386353,0.269752672,0.159534994
Inflammatory Bowel Disease,Physician 8,0.1,0.02,0.117207436,0.221331721,0.153312212,0.138376362,0.219530918,0.112918877
Inflammatory Bowel Disease,Physician 9,0.05,0.01,0.118859513,0.227413037,0.165283678,0.14063196,0.224251838,0.118414786
Major bowel procedure,All,43,1,0.045893456,0.059598991,0.045886527,-0.007157934,0.204633578,0.045893456
Major bowel procedure,Physician 1,7.74,0.18,0.063974062,0.088047889,0.072802742,0.020584173,0.216852611,0.061113426
Major bowel procedure,Physician 2,5.59,0.13,0.035274749,0.044025268,0.041455158,-0.012510523,0.186609076,0.031710595
Major bowel procedure,Physician 3,5.16,0.12,0.063336703,0.091335806,0.078431808,0.010409638,0.22864475,0.078870875
Major bowel procedure,Physician 4,4.3,0.1,0.074575174,0.084271857,0.069534834,0.022798466,0.217613697,0.068893512
Major bowel procedure,Physician 5,3.44,0.08,-0.013379304,0.018411818,-0.000576931,-0.061838929,0.151477083,-0.000475833
Major bowel procedure,Physician 6,2.15,0.05,0.022291445,0.036389698,0.02566286,-0.041275824,0.165119308,0.011283921
Major bowel procedure,Physician 7,2.15,0.05,0.09854534,0.123272964,0.101775843,0.058356393,0.272987572,0.11494677
Major bowel procedure,Physician 8,0.86,0.02,0.058415063,0.074829317,0.050362898,0.0102647,0.206771841,0.054842909
Major bowel procedure,Physician 9,0.43,0.01,0.05728135,0.074215106,0.068454383,0.014478227,0.218799983,0.072218545
(OP) Back & neck except spinal fusion,All,3,1,-0.061981604,-0.133321828,-0.141626188,-0.130120156,-0.031617159,-0.061981604
(OP) Back & neck except spinal fusion,Physician 1,0.54,0.18,-0.047400441,-0.112483532,-0.120547905,-0.116388938,-0.017772897,-0.049919741
(OP) Back & neck except spinal fusion,Physician 2,0.39,0.13,-0.066400703,-0.14307449,-0.153212025,-0.141991217,-0.047549102,-0.073130658
(OP) Back & neck except spinal fusion,Physician 3,0.36,0.12,-0.032330144,-0.1151049,-0.107003383,-0.098756691,0.000507858,-0.027455678
(OP) Back & neck except spinal fusion,Physician 4,0.3,0.1,-0.048294553,-0.105521765,-0.116339131,-0.102782545,-0.019918989,-0.051147906
(OP) Back & neck except spinal fusion,Physician 5,0.24,0.08,-0.114432949,-0.176073287,-0.192663718,-0.176007432,-0.074808749,-0.111943459
(OP) Back & neck except spinal fusion,Physician 6,0.15,0.05,-0.10063832,-0.159754957,-0.179289106,-0.153142507,-0.068747169,-0.100846185
(OP) Back & neck except spinal fusion,Physician 7,0.15,0.05,-0.010485065,-0.077003293,-0.080216371,-0.065449531,0.033068618,-0.001006485
(OP) Back & neck except spinal fusion,Physician 8,0.06,0.02,-0.052314678,-0.126073607,-0.123301796,-0.121579031,-0.030964836,-0.054822323
(OP) Back & neck except spinal fusion,Physician 9,0.03,0.01,-0.041636802,-0.112557162,-0.121084375,-0.11756429,-0.019531977,-0.048555653
(OP) Cardiac Defibrillator,All,2,1,0.111111111,0.19405409,0.31255168,0.373103685,0.149564345,0.111111111
(OP) Cardiac Defibrillator,Physician 1,0.36,0.18,0.141019869,0.216061041,0.332015858,0.403016975,0.176532588,0.122653918
(OP) Cardiac Defibrillator,Physician 2,0.26,0.13,0.091894022,0.192474191,0.304545162,0.369151884,0.134996843,0.104662885
(OP) Cardiac Defibrillator,Physician 3,0.24,0.12,0.128251314,0.226280728,0.337095276,0.392998803,0.175825626,0.135052402
(OP) Cardiac Defibrillator,Physician 4,0.2,0.1,0.140617111,0.221302747,0.334587979,0.392394509,0.161484765,0.135345953
(OP) Cardiac Defibrillator,Physician 5,0.16,0.08,0.053721582,0.136729539,0.257766444,0.320053318,0.092971265,0.065486735
(OP) Cardiac Defibrillator,Physician 6,0.1,0.05,0.089752892,0.166462014,0.288742977,0.338494431,0.128680972,0.086372844
(OP) Cardiac Defibrillator,Physician 7,0.1,0.05,0.165560585,0.259240217,0.379183051,0.427387029,0.207134167,0.174913468
(OP) Cardiac Defibrillator,Physician 8,0.04,0.02,0.12857531,0.213890342,0.323295509,0.374218228,0.166024966,0.11612009
(OP) Cardiac Defibrillator,Physician 9,0.02,0.01,0.131161516,0.215167543,0.327328989,0.394671013,0.17420594,0.137662231
(OP) Major joint replacement of the lower extremity (MJRLE),All,39,1,0.057746595,0.14480151,0.103907488,0.24138783,0.158431257,0.057746595
(OP) Major joint replacement of the lower extremity (MJRLE),Physician 1,7.02,0.18,0.074380359,0.165643381,0.115933622,0.258369811,0.176800837,0.072836312
(OP) Major joint replacement of the lower extremity (MJRLE),Physician 2,5.07,0.13,0.052999929,0.144148199,0.085809152,0.233127923,0.151121452,0.048217785
(OP) Major joint replacement of the lower extremity (MJRLE),Physician 3,4.68,0.12,0.08058705,0.162591824,0.120068505,0.268788637,0.178793249,0.075818989
(OP) Major joint replacement of the lower extremity (MJRLE),Physician 4,3.9,0.1,0.076635057,0.165500708,0.126330266,0.251634782,0.181710744,0.087200796
(OP) Major joint replacement of the lower extremity (MJRLE),Physician 5,3.12,0.08,0.006489286,0.103628366,0.055173092,0.196278233,0.10470413,0.009278775
(OP) Major joint replacement of the lower extremity (MJRLE),Physician 6,1.95,0.05,0.02883673,0.120871059,0.068172398,0.208427429,0.119041671,0.024173228
(OP) Major joint replacement of the lower extremity (MJRLE),Physician 7,1.95,0.05,0.126838535,0.200515963,0.155938924,0.302220501,0.221661564,0.123275515
(OP) Major joint replacement of the lower extremity (MJRLE),Physician 8,0.78,0.02,0.076788567,0.150538837,0.120896935,0.247673955,0.170287248,0.069933039
(OP) Major joint replacement of the lower extremity (MJRLE),Physician 9,0.39,0.01,0.085413736,0.158448001,0.119678013,0.256190752,0.18640273,0.073832542
(OP) Percutaneous Coronary Intervention,All,12,1,0.09917121,0.110429914,0.331846554,0.205335802,0.190505726,0.09917121
(OP) Percutaneous Coronary Intervention,Physician 1,2.16,0.18,0.123399285,0.132922692,0.357088322,0.231170272,0.217211999,0.123075748
(OP) Percutaneous Coronary Intervention,Physician 2,1.56,0.13,0.079694349,0.106773652,0.31641136,0.191283801,0.177372241,0.091107438
(OP) Percutaneous Coronary Intervention,Physician 3,1.44,0.12,0.116202946,0.135821447,0.365898051,0.237615853,0.211183167,0.127927475
(OP) Percutaneous Coronary Intervention,Physician 4,1.2,0.1,0.116965837,0.129939339,0.351053342,0.226049887,0.218132621,0.123272232
(OP) Percutaneous Coronary Intervention,Physician 5,0.96,0.08,0.043714974,0.068082124,0.289554873,0.16179906,0.134723616,0.054304579
(OP) Percutaneous Coronary Intervention,Physician 6,0.6,0.05,0.068584006,0.084337779,0.309385215,0.171975487,0.164369921,0.075716605
(OP) Percutaneous Coronary Intervention,Physician 7,0.6,0.05,0.168972426,0.170311761,0.39860993,0.255607132,0.254852548,0.152044624
(OP) Percutaneous Coronary Intervention,Physician 8,0.24,0.02,0.11659668,0.120174194,0.349053902,0.221483539,0.205997682,0.109380516
(OP) Percutaneous Coronary Intervention,Physician 9,0.12,0.01,0.127615327,0.137983503,0.358305315,0.220581027,0.213930739,0.116489136
