bundle,Readmitting DRG,Provider Group,Benchmark,Diff from Benchmark,Best-in-Class,Diff from BIC
Back and neck except spinal fusion,All,0.243773109,0.218259716,0.025513393,0.206108551,0.037664558
Back and neck except spinal fusion,849,0.04387916,0.039286749,0.004592411,0.037099539,0.00677962
Back and neck except spinal fusion,321,0.031690504,0.028373763,0.003316741,0.026794112,0.004896393
Back and neck except spinal fusion,190,0.029252773,0.026191166,0.003061607,0.024733026,0.004519747
Back and neck except spinal fusion,110,0.024377311,0.021825972,0.002551339,0.020610855,0.003766456
Back and neck except spinal fusion,64,0.019501849,0.017460777,0.002041071,0.016488684,0.003013165
Back and neck except spinal fusion,599,0.012188655,0.010912986,0.00127567,0.010305428,0.001883228
Back and neck except spinal fusion,508,0.012188655,0.010912986,0.00127567,0.010305428,0.001883228
Back and neck except spinal fusion,59,0.004875462,0.004365194,0.000510268,0.004122171,0.000753291
Back and neck except spinal fusion,836,0.002437731,0.002182597,0.000255134,0.002061086,0.000376646
Double joint replacement of the lower extremity,All,0.577784007,0.594713619,-0.016929612,0.483377444,0.094406563
Double joint replacement of the lower extremity,465,0.104001121,0.107048451,-0.00304733,0.08700794,0.016993181
Double joint replacement of the lower extremity,630,0.075111921,0.077312771,-0.00220085,0.062839068,0.012272853
Double joint replacement of the lower extremity,876,0.069334081,0.071365634,-0.002031553,0.058005293,0.011328788
Double joint replacement of the lower extremity,81,0.057778401,0.059471362,-0.001692961,0.048337744,0.009440656
Double joint replacement of the lower extremity,228,0.046222721,0.04757709,-0.001354369,0.038670196,0.007552525
Double joint replacement of the lower extremity,670,0.0288892,0.029735681,-0.000846481,0.024168872,0.004720328
Double joint replacement of the lower extremity,847,0.0288892,0.029735681,-0.000846481,0.024168872,0.004720328
Double joint replacement of the lower extremity,420,0.01155568,0.011894272,-0.000338592,0.009667549,0.001888131
Double joint replacement of the lower extremity,631,0.00577784,0.005947136,-0.000169296,0.004833774,0.000944066
Fractures of the femur and hip or pelvis,All,0.385108576,0.281968389,0.103140187,0.272504106,0.11260447
Fractures of the femur and hip or pelvis,353,0.069319544,0.05075431,0.018565234,0.049050739,0.020268805
Fractures of the femur and hip or pelvis,703,0.050064115,0.036655891,0.013408224,0.035425534,0.014638581
Fractures of the femur and hip or pelvis,728,0.046213029,0.033836207,0.012376822,0.032700493,0.013512536
Fractures of the femur and hip or pelvis,440,0.038510858,0.028196839,0.010314019,0.027250411,0.011260447
Fractures of the femur and hip or pelvis,767,0.030808686,0.022557471,0.008251215,0.021800329,0.009008358
Fractures of the femur and hip or pelvis,129,0.019255429,0.014098419,0.005157009,0.013625205,0.005630223
Fractures of the femur and hip or pelvis,227,0.019255429,0.014098419,0.005157009,0.013625205,0.005630223
Fractures of the femur and hip or pelvis,584,0.007702172,0.005639368,0.002062804,0.005450082,0.002252089
Fractures of the femur and hip or pelvis,676,0.003851086,0.002819684,0.001031402,0.002725041,0.001126045
Hip and femur procedures except major joint,All,0.236648539,0.186209873,0.050438667,0.160666667,0.075981873
Hip and femur procedures except major joint,562,0.042596737,0.033517777,0.00907896,0.02892,0.013676737
Hip and femur procedures except major joint,10,0.03076431,0.024207283,0.006557027,0.020886667,0.009877643
Hip and femur procedures except major joint,193,0.028397825,0.022345185,0.00605264,0.01928,0.009117825
Hip and femur procedures except major joint,351,0.023664854,0.018620987,0.005043867,0.016066667,0.007598187
Hip and femur procedures except major joint,575,0.018931883,0.01489679,0.004035093,0.012853333,0.00607855
Hip and femur procedures except major joint,534,0.011832427,0.009310494,0.002521933,0.008033333,0.003799094
Hip and femur procedures except major joint,183,0.011832427,0.009310494,0.002521933,0.008033333,0.003799094
Hip and femur procedures except major joint,418,0.004732971,0.003724197,0.001008773,0.003213333,0.001519637
Hip and femur procedures except major joint,355,0.002366485,0.001862099,0.000504387,0.001606667,0.000759819
"Lower extremity/humerus procedure except hip, foot, femur",All,0.475918564,0.398409039,0.077509525,0.362733376,0.113185187
"Lower extremity/humerus procedure except hip, foot, femur",772,0.085665341,0.071713627,0.013951714,0.065292008,0.020373334
"Lower extremity/humerus procedure except hip, foot, femur",584,0.061869413,0.051793175,0.010076238,0.047155339,0.014714074
"Lower extremity/humerus procedure except hip, foot, femur",19,0.057110228,0.047809085,0.009301143,0.043528005,0.013582222
"Lower extremity/humerus procedure except hip, foot, femur",516,0.047591856,0.039840904,0.007750952,0.036273338,0.011318519
"Lower extremity/humerus procedure except hip, foot, femur",367,0.038073485,0.031872723,0.006200762,0.02901867,0.009054815
"Lower extremity/humerus procedure except hip, foot, femur",849,0.023795928,0.019920452,0.003875476,0.018136669,0.005659259
"Lower extremity/humerus procedure except hip, foot, femur",801,0.023795928,0.019920452,0.003875476,0.018136669,0.005659259
"Lower extremity/humerus procedure except hip, foot, femur",52,0.009518371,0.007968181,0.00155019,0.007254668,0.002263704
"Lower extremity/humerus procedure except hip, foot, femur",54,0.004759186,0.00398409,0.000775095,0.003627334,0.001131852
Major joint replacement of the lower extremity (MJRLE),All,0.198716216,0.158972972,0.039743243,0.127178378,0.071537838
Major joint replacement of the lower extremity (MJRLE),470,0.035768919,0.028615135,0.007153784,0.022892108,0.012876811
Major joint replacement of the lower extremity (MJRLE),653,0.025833108,0.020666486,0.005166622,0.016533189,0.009299919
Major joint replacement of the lower extremity (MJRLE),536,0.023845946,0.019076757,0.004769189,0.015261405,0.008584541
Major joint replacement of the lower extremity (MJRLE),179,0.019871622,0.015897297,0.003974324,0.012717838,0.007153784
Major joint replacement of the lower extremity (MJRLE),46,0.015897297,0.012717838,0.003179459,0.01017427,0.005723027
Major joint replacement of the lower extremity (MJRLE),858,0.009935811,0.007948649,0.001987162,0.006358919,0.003576892
Major joint replacement of the lower extremity (MJRLE),368,0.009935811,0.007948649,0.001987162,0.006358919,0.003576892
Major joint replacement of the lower extremity (MJRLE),355,0.003974324,0.003179459,0.000794865,0.002543568,0.001430757
Major joint replacement of the lower extremity (MJRLE),130,0.001987162,0.00158973,0.000397432,0.001271784,0.000715378
Major joint replacement of the upper extremity,All,0.325820466,0.222424934,0.103395531,0.229097645,0.096722821
Major joint replacement of the upper extremity,390,0.058647684,0.040036488,0.018611196,0.041237576,0.017410108
Major joint replacement of the upper extremity,3,0.042356661,0.028915241,0.013441419,0.029782694,0.012573967
Major joint replacement of the upper extremity,186,0.039098456,0.026690992,0.012407464,0.027491717,0.011606738
Major joint replacement of the upper extremity,686,0.032582047,0.022242493,0.010339553,0.022909765,0.009672282
Major joint replacement of the upper extremity,418,0.026065637,0.017793995,0.008271642,0.018327812,0.007737826
Major joint replacement of the upper extremity,0,0.016291023,0.011121247,0.005169777,0.011454882,0.004836141
Major joint replacement of the upper extremity,422,0.016291023,0.011121247,0.005169777,0.011454882,0.004836141
Major joint replacement of the upper extremity,149,0.006516409,0.004448499,0.002067911,0.004581953,0.001934456
Major joint replacement of the upper extremity,270,0.003258205,0.002224249,0.001033955,0.002290976,0.000967228
Spinal fusion,All,0.539836268,0.547668281,-0.007832013,0.471232351,0.068603917
Spinal fusion,25,0.097170528,0.09858029,-0.001409762,0.084821823,0.012348705
Spinal fusion,426,0.070178715,0.071196876,-0.001018162,0.061260206,0.008918509
Spinal fusion,492,0.064780352,0.065720194,-0.000939842,0.056547882,0.00823247
Spinal fusion,895,0.053983627,0.054766828,-0.000783201,0.047123235,0.006860392
Spinal fusion,40,0.043186901,0.043813462,-0.000626561,0.037698588,0.005488313
Spinal fusion,743,0.026991813,0.027383414,-0.000391601,0.023561618,0.003430196
Spinal fusion,6,0.026991813,0.027383414,-0.000391601,0.023561618,0.003430196
Spinal fusion,838,0.010796725,0.010953366,-0.00015664,0.009424647,0.001372078
Spinal fusion,588,0.005398363,0.005476683,-7.83201E-05,0.004712324,0.000686039
Renal failure,All,0.331493323,0.265194659,0.066298665,0.212155727,0.119337596
Renal failure,531,0.059668798,0.047735039,0.01193376,0.038188031,0.021480767
Renal failure,137,0.043094132,0.034475306,0.008618826,0.027580244,0.015513888
Renal failure,644,0.039779199,0.031823359,0.00795584,0.025458687,0.014320512
Renal failure,26,0.033149332,0.026519466,0.006629866,0.021215573,0.01193376
Renal failure,181,0.026519466,0.021215573,0.005303893,0.016972458,0.009547008
Renal failure,6,0.016574666,0.013259733,0.003314933,0.010607786,0.00596688
Renal failure,653,0.016574666,0.013259733,0.003314933,0.010607786,0.00596688
Renal failure,153,0.006629866,0.005303893,0.001325973,0.004243115,0.002386752
Renal failure,400,0.003314933,0.002651947,0.000662987,0.002121557,0.001193376
Cellulitis,All,0.252270748,0.202209315,0.050061433,0.197777418,0.05449333
Cellulitis,742,0.045408735,0.036397677,0.009011058,0.035599935,0.009808799
Cellulitis,392,0.032795197,0.026287211,0.006507986,0.025711064,0.007084133
Cellulitis,24,0.03027249,0.024265118,0.006007372,0.02373329,0.0065392
Cellulitis,145,0.025227075,0.020220931,0.005006143,0.019777742,0.005449333
Cellulitis,675,0.02018166,0.016176745,0.004004915,0.015822193,0.004359466
Cellulitis,803,0.012613537,0.010110466,0.002503072,0.009888871,0.002724667
Cellulitis,436,0.012613537,0.010110466,0.002503072,0.009888871,0.002724667
Cellulitis,43,0.005045415,0.004044186,0.001001229,0.003955548,0.001089867
Cellulitis,483,0.002522707,0.002022093,0.000500614,0.001977774,0.000544933
Sepsis,All,0.39499114,0.398246208,-0.003255067,0.386499607,0.008491533
Sepsis,171,0.071098405,0.071684317,-0.000585912,0.069569929,0.001528476
Sepsis,769,0.051348848,0.051772007,-0.000423159,0.050244949,0.001103899
Sepsis,354,0.047398937,0.047789545,-0.000390608,0.046379953,0.001018984
Sepsis,587,0.039499114,0.039824621,-0.000325507,0.038649961,0.000849153
Sepsis,213,0.031599291,0.031859697,-0.000260405,0.030919969,0.000679323
Sepsis,605,0.019749557,0.01991231,-0.000162753,0.01932498,0.000424577
Sepsis,387,0.019749557,0.01991231,-0.000162753,0.01932498,0.000424577
Sepsis,9,0.007899823,0.007964924,-6.51013E-05,0.007729992,0.000169831
Sepsis,763,0.003949911,0.003982462,-3.25507E-05,0.003864996,8.49153E-05
Urinary tract infection,All,0.307860051,0.246288041,0.06157201,0.197030433,0.110829618
Urinary tract infection,633,0.055414809,0.044331847,0.011082962,0.035465478,0.019949331
Urinary tract infection,468,0.040021807,0.032017445,0.008004361,0.025613956,0.01440785
Urinary tract infection,155,0.036943206,0.029554565,0.007388641,0.023643652,0.013299554
Urinary tract infection,521,0.030786005,0.024628804,0.006157201,0.019703043,0.011082962
Urinary tract infection,267,0.024628804,0.019703043,0.004925761,0.015762435,0.008866369
Urinary tract infection,781,0.015393003,0.012314402,0.003078601,0.009851522,0.005541481
Urinary tract infection,365,0.015393003,0.012314402,0.003078601,0.009851522,0.005541481
Urinary tract infection,777,0.006157201,0.004925761,0.00123144,0.003940609,0.002216592
Urinary tract infection,880,0.003078601,0.00246288,0.00061572,0.001970304,0.001108296
Seizures,All,0.226066212,0.17894854,0.047117672,0.173303608,0.052762603
Seizures,546,0.040691918,0.032210737,0.008481181,0.031194649,0.009497269
Seizures,723,0.029388608,0.02326331,0.006125297,0.022529469,0.006859138
Seizures,104,0.027127945,0.021473825,0.005654121,0.020796433,0.006331512
Seizures,156,0.022606621,0.017894854,0.004711767,0.017330361,0.00527626
Seizures,498,0.018085297,0.014315883,0.003769414,0.013864289,0.004221008
Seizures,422,0.011303311,0.008947427,0.002355884,0.00866518,0.00263813
Seizures,500,0.011303311,0.008947427,0.002355884,0.00866518,0.00263813
Seizures,896,0.004521324,0.003578971,0.000942353,0.003466072,0.001055252
Seizures,2,0.002260662,0.001789485,0.000471177,0.001733036,0.000527626
Stroke,All,0.305310188,0.24424815,0.061062038,0.19539852,0.109911668
Stroke,565,0.054955834,0.043964667,0.010991167,0.035171734,0.0197841
Stroke,346,0.039690324,0.03175226,0.007938065,0.025401808,0.014288517
Stroke,357,0.036637223,0.029309778,0.007327445,0.023447822,0.0131894
Stroke,552,0.030531019,0.024424815,0.006106204,0.019539852,0.010991167
Stroke,536,0.024424815,0.019539852,0.004884963,0.015631882,0.008792933
Stroke,561,0.015265509,0.012212408,0.003053102,0.009769926,0.005495583
Stroke,88,0.015265509,0.012212408,0.003053102,0.009769926,0.005495583
Stroke,841,0.006106204,0.004884963,0.001221241,0.00390797,0.002198233
Stroke,847,0.003053102,0.002442482,0.00061062,0.001953985,0.001099117
Acute myocardial infarction,All,0.343906953,0.275125562,0.068781391,0.22010045,0.123806503
Acute myocardial infarction,451,0.061903252,0.049522601,0.01238065,0.039618081,0.022285171
Acute myocardial infarction,113,0.044707904,0.035766323,0.008941581,0.028613058,0.016094845
Acute myocardial infarction,218,0.041268834,0.033015067,0.008253767,0.026412054,0.01485678
Acute myocardial infarction,258,0.034390695,0.027512556,0.006878139,0.022010045,0.01238065
Acute myocardial infarction,240,0.027512556,0.022010045,0.005502511,0.017608036,0.00990452
Acute myocardial infarction,804,0.017195348,0.013756278,0.00343907,0.011005022,0.006190325
Acute myocardial infarction,607,0.017195348,0.013756278,0.00343907,0.011005022,0.006190325
Acute myocardial infarction,248,0.006878139,0.005502511,0.001375628,0.004402009,0.00247613
Acute myocardial infarction,170,0.00343907,0.002751256,0.000687814,0.002201004,0.001238065
Cardiac arrhythmia,All,0.25315368,0.253885365,-0.000731685,0.227959029,0.025194651
Cardiac arrhythmia,808,0.045567662,0.045699366,-0.000131703,0.041032625,0.004535037
Cardiac arrhythmia,838,0.032909978,0.033005097,-9.51191E-05,0.029634674,0.003275305
Cardiac arrhythmia,386,0.030378442,0.030466244,-8.78022E-05,0.027355084,0.003023358
Cardiac arrhythmia,888,0.025315368,0.025388537,-7.31685E-05,0.022795903,0.002519465
Cardiac arrhythmia,35,0.020252294,0.020310829,-5.85348E-05,0.018236722,0.002015572
Cardiac arrhythmia,689,0.012657684,0.012694268,-3.65843E-05,0.011397951,0.001259733
Cardiac arrhythmia,11,0.012657684,0.012694268,-3.65843E-05,0.011397951,0.001259733
Cardiac arrhythmia,97,0.005063074,0.005077707,-1.46337E-05,0.004559181,0.000503893
Cardiac arrhythmia,871,0.002531537,0.002538854,-7.31685E-06,0.00227959,0.000251947
Cardiac defibrillator,All,1.033021101,0.930774593,0.102246508,0.845803432,0.187217669
Cardiac defibrillator,27,0.185943798,0.167539427,0.018404371,0.152244618,0.03369918
Cardiac defibrillator,484,0.134292743,0.121000697,0.013292046,0.109954446,0.024338297
Cardiac defibrillator,340,0.123962532,0.111692951,0.012269581,0.101496412,0.02246612
Cardiac defibrillator,712,0.10330211,0.093077459,0.010224651,0.084580343,0.018721767
Cardiac defibrillator,275,0.082641688,0.074461967,0.008179721,0.067664275,0.014977414
Cardiac defibrillator,575,0.051651055,0.04653873,0.005112325,0.042290172,0.009360883
Cardiac defibrillator,385,0.051651055,0.04653873,0.005112325,0.042290172,0.009360883
Cardiac defibrillator,103,0.020660422,0.018615492,0.00204493,0.016916069,0.003744353
Cardiac defibrillator,629,0.010330211,0.009307746,0.001022465,0.008458034,0.001872177
Cardiac valve,All,0.756605908,0.768891381,-0.012285473,0.744635019,0.011970889
Cardiac valve,232,0.136189063,0.138400449,-0.002211385,0.134034303,0.00215476
Cardiac valve,223,0.098358768,0.099955879,-0.001597111,0.096802552,0.001556216
Cardiac valve,325,0.090792709,0.092266966,-0.001474257,0.089356202,0.001436507
Cardiac valve,525,0.075660591,0.076889138,-0.001228547,0.074463502,0.001197089
Cardiac valve,648,0.060528473,0.06151131,-0.000982838,0.059570802,0.000957671
Cardiac valve,587,0.037830295,0.038444569,-0.000614274,0.037231751,0.000598544
Cardiac valve,708,0.037830295,0.038444569,-0.000614274,0.037231751,0.000598544
Cardiac valve,562,0.015132118,0.015377828,-0.000245709,0.0148927,0.000239418
Cardiac valve,393,0.007566059,0.007688914,-0.000122855,0.00744635,0.000119709
Congestive heart failure,All,0.382430701,0.305944561,0.07648614,0.244755649,0.137675052
Congestive heart failure,640,0.068837526,0.055070021,0.013767505,0.044056017,0.024781509
Congestive heart failure,760,0.049715991,0.039772793,0.009943198,0.031818234,0.017897757
Congestive heart failure,877,0.045891684,0.036713347,0.009178337,0.029370678,0.016521006
Congestive heart failure,822,0.03824307,0.030594456,0.007648614,0.024475565,0.013767505
Congestive heart failure,707,0.030594456,0.024475565,0.006118891,0.019580452,0.011014004
Congestive heart failure,243,0.019121535,0.015297228,0.003824307,0.012237782,0.006883753
Congestive heart failure,93,0.019121535,0.015297228,0.003824307,0.012237782,0.006883753
Congestive heart failure,714,0.007648614,0.006118891,0.001529723,0.004895113,0.002753501
Congestive heart failure,247,0.003824307,0.003059446,0.000764861,0.002447556,0.001376751
Coronary artery bypass graft,All,0.633541967,0.634564923,-0.001022956,0.535484766,0.098057201
Coronary artery bypass graft,214,0.114037554,0.114221686,-0.000184132,0.096387258,0.017650296
Coronary artery bypass graft,600,0.082360456,0.08249344,-0.000132984,0.06961302,0.012747436
Coronary artery bypass graft,407,0.076025036,0.076147791,-0.000122755,0.064258172,0.011766864
Coronary artery bypass graft,66,0.063354197,0.063456492,-0.000102296,0.053548477,0.00980572
Coronary artery bypass graft,328,0.050683357,0.050765194,-8.18365E-05,0.042838781,0.007844576
Coronary artery bypass graft,421,0.031677098,0.031728246,-5.11478E-05,0.026774238,0.00490286
Coronary artery bypass graft,476,0.031677098,0.031728246,-5.11478E-05,0.026774238,0.00490286
Coronary artery bypass graft,773,0.012670839,0.012691298,-2.04591E-05,0.010709695,0.001961144
Coronary artery bypass graft,754,0.00633542,0.006345649,-1.02296E-05,0.005354848,0.000980572
Pacemaker,All,0.405813363,0.545075074,-0.139261711,0.490432503,-0.08461914
Pacemaker,349,0.073046405,0.098113513,-0.025067108,0.088277851,-0.015231445
Pacemaker,847,0.052755737,0.07085976,-0.018104022,0.063756225,-0.011000488
Pacemaker,379,0.048697604,0.065409009,-0.016711405,0.0588519,-0.010154297
Pacemaker,80,0.040581336,0.054507507,-0.013926171,0.04904325,-0.008461914
Pacemaker,811,0.032465069,0.043606006,-0.011140937,0.0392346,-0.006769531
Pacemaker,285,0.020290668,0.027253754,-0.006963086,0.024521625,-0.004230957
Pacemaker,142,0.020290668,0.027253754,-0.006963086,0.024521625,-0.004230957
Pacemaker,479,0.008116267,0.010901501,-0.002785234,0.00980865,-0.001692383
Pacemaker,57,0.004058134,0.005450751,-0.001392617,0.004904325,-0.000846191
Percutaneous coronary intervention,All,0.362562616,0.426843575,-0.064280959,0.378247151,-0.015684535
Percutaneous coronary intervention,129,0.065261271,0.076831843,-0.011570573,0.068084487,-0.002823216
Percutaneous coronary intervention,626,0.04713314,0.055489665,-0.008356525,0.04917213,-0.00203899
Percutaneous coronary intervention,324,0.043507514,0.051221229,-0.007713715,0.045389658,-0.001882144
Percutaneous coronary intervention,347,0.036256262,0.042684357,-0.006428096,0.037824715,-0.001568453
Percutaneous coronary intervention,569,0.029005009,0.034147486,-0.005142477,0.030259772,-0.001254763
Percutaneous coronary intervention,494,0.018128131,0.021342179,-0.003214048,0.018912358,-0.000784227
Percutaneous coronary intervention,820,0.018128131,0.021342179,-0.003214048,0.018912358,-0.000784227
Percutaneous coronary intervention,685,0.007251252,0.008536871,-0.001285619,0.007564943,-0.000313691
Percutaneous coronary intervention,128,0.003625626,0.004268436,-0.00064281,0.003782472,-0.000156845
Transcatheter Aortic Valve Replacement,All,0.821619214,0.924659287,-0.103040073,0.896389801,-0.074770587
Transcatheter Aortic Valve Replacement,108,0.147891458,0.166438672,-0.018547213,0.161350164,-0.013458706
Transcatheter Aortic Valve Replacement,340,0.106810498,0.120205707,-0.01339521,0.116530674,-0.009720176
Transcatheter Aortic Valve Replacement,623,0.098594306,0.110959114,-0.012364809,0.107566776,-0.00897247
Transcatheter Aortic Valve Replacement,690,0.082161921,0.092465929,-0.010304007,0.08963898,-0.007477059
Transcatheter Aortic Valve Replacement,205,0.065729537,0.073972743,-0.008243206,0.071711184,-0.005981647
Transcatheter Aortic Valve Replacement,533,0.041080961,0.046232964,-0.005152004,0.04481949,-0.003738529
Transcatheter Aortic Valve Replacement,607,0.041080961,0.046232964,-0.005152004,0.04481949,-0.003738529
Transcatheter Aortic Valve Replacement,872,0.016432384,0.018493186,-0.002060801,0.017927796,-0.001495412
Transcatheter Aortic Valve Replacement,386,0.008216192,0.009246593,-0.001030401,0.008963898,-0.000747706
"COPD, bronchitis, asthma",All,0.301854379,0.241483503,0.060370876,0.193186803,0.108667577
"COPD, bronchitis, asthma",835,0.054333788,0.043467031,0.010866758,0.034773624,0.019560164
"COPD, bronchitis, asthma",607,0.039241069,0.031392855,0.007848214,0.025114284,0.014126785
"COPD, bronchitis, asthma",147,0.036222526,0.02897802,0.007244505,0.023182416,0.013040109
"COPD, bronchitis, asthma",540,0.030185438,0.02414835,0.006037088,0.01931868,0.010866758
"COPD, bronchitis, asthma",846,0.02414835,0.01931868,0.00482967,0.015454944,0.008693406
"COPD, bronchitis, asthma",758,0.015092719,0.012074175,0.003018544,0.00965934,0.005433379
"COPD, bronchitis, asthma",642,0.015092719,0.012074175,0.003018544,0.00965934,0.005433379
"COPD, bronchitis, asthma",863,0.006037088,0.00482967,0.001207418,0.003863736,0.002173352
"COPD, bronchitis, asthma",436,0.003018544,0.002414835,0.000603709,0.001931868,0.001086676
Simple pneumonia and respiratory infections,All,0.33721121,0.313333333,0.023877876,0.25003756,0.087173649
Simple pneumonia and respiratory infections,492,0.060698018,0.0564,0.004298018,0.045006761,0.015691257
Simple pneumonia and respiratory infections,342,0.043837457,0.040733333,0.003104124,0.032504883,0.011332574
Simple pneumonia and respiratory infections,358,0.040465345,0.0376,0.002865345,0.030004507,0.010460838
Simple pneumonia and respiratory infections,358,0.033721121,0.031333333,0.002387788,0.025003756,0.008717365
Simple pneumonia and respiratory infections,73,0.026976897,0.025066667,0.00191023,0.020003005,0.006973892
Simple pneumonia and respiratory infections,335,0.01686056,0.015666667,0.001193894,0.012501878,0.004358682
Simple pneumonia and respiratory infections,892,0.01686056,0.015666667,0.001193894,0.012501878,0.004358682
Simple pneumonia and respiratory infections,778,0.006744224,0.006266667,0.000477558,0.005000751,0.001743473
Simple pneumonia and respiratory infections,638,0.003372112,0.003133333,0.000238779,0.002500376,0.000871736
Bariatric Surgery,All,0.394855213,0.303604737,0.091250476,0.299426189,0.095429024
Bariatric Surgery,724,0.071073938,0.054648853,0.016425086,0.053896714,0.017177224
Bariatric Surgery,702,0.051331178,0.039468616,0.011862562,0.038925405,0.012405773
Bariatric Surgery,843,0.047382626,0.036432568,0.010950057,0.035931143,0.011451483
Bariatric Surgery,123,0.039485521,0.030360474,0.009125048,0.029942619,0.009542902
Bariatric Surgery,505,0.031588417,0.024288379,0.007300038,0.023954095,0.007634322
Bariatric Surgery,454,0.019742761,0.015180237,0.004562524,0.014971309,0.004771451
Bariatric Surgery,656,0.019742761,0.015180237,0.004562524,0.014971309,0.004771451
Bariatric Surgery,520,0.007897104,0.006072095,0.00182501,0.005988524,0.00190858
Bariatric Surgery,718,0.003948552,0.003036047,0.000912505,0.002994262,0.00095429
"Disorders of the liver excluding malignancy, cirrhosis, alcoholic hepatitis",All,0.176017224,0.1905226,-0.014505376,0.165593833,0.01042339
"Disorders of the liver excluding malignancy, cirrhosis, alcoholic hepatitis",573,0.0316831,0.034294068,-0.002610968,0.02980689,0.00187621
"Disorders of the liver excluding malignancy, cirrhosis, alcoholic hepatitis",147,0.022882239,0.024767938,-0.001885699,0.021527198,0.001355041
"Disorders of the liver excluding malignancy, cirrhosis, alcoholic hepatitis",373,0.021122067,0.022862712,-0.001740645,0.01987126,0.001250807
"Disorders of the liver excluding malignancy, cirrhosis, alcoholic hepatitis",885,0.017601722,0.01905226,-0.001450538,0.016559383,0.001042339
"Disorders of the liver excluding malignancy, cirrhosis, alcoholic hepatitis",244,0.014081378,0.015241808,-0.00116043,0.013247507,0.000833871
"Disorders of the liver excluding malignancy, cirrhosis, alcoholic hepatitis",874,0.008800861,0.00952613,-0.000725269,0.008279692,0.00052117
"Disorders of the liver excluding malignancy, cirrhosis, alcoholic hepatitis",465,0.008800861,0.00952613,-0.000725269,0.008279692,0.00052117
"Disorders of the liver excluding malignancy, cirrhosis, alcoholic hepatitis",47,0.003520344,0.003810452,-0.000290108,0.003311877,0.000208468
"Disorders of the liver excluding malignancy, cirrhosis, alcoholic hepatitis",865,0.001760172,0.001905226,-0.000145054,0.001655938,0.000104234
Gastrointestinal hemorrhage,All,0.268741704,0.23395259,0.034789114,0.198605397,0.070136307
Gastrointestinal hemorrhage,461,0.048373507,0.042111466,0.006262041,0.035748971,0.012624535
Gastrointestinal hemorrhage,57,0.034936422,0.030413837,0.004522585,0.025818702,0.00911772
Gastrointestinal hemorrhage,18,0.032249005,0.028074311,0.004174694,0.023832648,0.008416357
Gastrointestinal hemorrhage,865,0.02687417,0.023395259,0.003478911,0.01986054,0.007013631
Gastrointestinal hemorrhage,128,0.021499336,0.018716207,0.002783129,0.015888432,0.005610905
Gastrointestinal hemorrhage,859,0.013437085,0.01169763,0.001739456,0.00993027,0.003506815
Gastrointestinal hemorrhage,101,0.013437085,0.01169763,0.001739456,0.00993027,0.003506815
Gastrointestinal hemorrhage,441,0.005374834,0.004679052,0.000695782,0.003972108,0.001402726
Gastrointestinal hemorrhage,825,0.002687417,0.002339526,0.000347891,0.001986054,0.000701363
Gastrointestinal obstruction,All,0.225205587,0.201161057,0.02404453,0.181633702,0.043571885
Gastrointestinal obstruction,37,0.040537006,0.03620899,0.004328015,0.032694066,0.007842939
Gastrointestinal obstruction,245,0.029276726,0.026150937,0.003125789,0.023612381,0.005664345
Gastrointestinal obstruction,159,0.02702467,0.024139327,0.002885344,0.021796044,0.005228626
Gastrointestinal obstruction,435,0.022520559,0.020116106,0.002404453,0.01816337,0.004357188
Gastrointestinal obstruction,159,0.018016447,0.016092885,0.001923562,0.014530696,0.003485751
Gastrointestinal obstruction,286,0.011260279,0.010058053,0.001202226,0.009081685,0.002178594
Gastrointestinal obstruction,149,0.011260279,0.010058053,0.001202226,0.009081685,0.002178594
Gastrointestinal obstruction,216,0.004504112,0.004023221,0.000480891,0.003632674,0.000871438
Gastrointestinal obstruction,240,0.002252056,0.002011611,0.000240445,0.001816337,0.000435719
Inflammatory Bowel Disease,All,0.151801745,0.125211919,0.026589826,0.108717884,0.04308386
Inflammatory Bowel Disease,156,0.027324314,0.022538145,0.004786169,0.019569219,0.007755095
Inflammatory Bowel Disease,700,0.019734227,0.016277549,0.003456677,0.014133325,0.005600902
Inflammatory Bowel Disease,122,0.018216209,0.01502543,0.003190779,0.013046146,0.005170063
Inflammatory Bowel Disease,446,0.015180174,0.012521192,0.002658983,0.010871788,0.004308386
Inflammatory Bowel Disease,341,0.01214414,0.010016954,0.002127186,0.008697431,0.003446709
Inflammatory Bowel Disease,32,0.007590087,0.006260596,0.001329491,0.005435894,0.002154193
Inflammatory Bowel Disease,275,0.007590087,0.006260596,0.001329491,0.005435894,0.002154193
Inflammatory Bowel Disease,612,0.003036035,0.002504238,0.000531797,0.002174358,0.000861677
Inflammatory Bowel Disease,189,0.001518017,0.001252119,0.000265898,0.001087179,0.000430839
Major bowel procedure,All,0.514823464,0.485866322,0.028957142,0.427910209,0.086913255
Major bowel procedure,631,0.092668224,0.087455938,0.005212286,0.077023838,0.015644386
Major bowel procedure,275,0.06692705,0.063162622,0.003764429,0.055628327,0.011298723
Major bowel procedure,139,0.061778816,0.058303959,0.003474857,0.051349225,0.010429591
Major bowel procedure,91,0.051482346,0.048586632,0.002895714,0.042791021,0.008691326
Major bowel procedure,246,0.041185877,0.038869306,0.002316571,0.034232817,0.00695306
Major bowel procedure,592,0.025741173,0.024293316,0.001447857,0.02139551,0.004345663
Major bowel procedure,300,0.025741173,0.024293316,0.001447857,0.02139551,0.004345663
Major bowel procedure,423,0.010296469,0.009717326,0.000579143,0.008558204,0.001738265
Major bowel procedure,324,0.005148235,0.004858663,0.000289571,0.004279102,0.000869133
(OP) Back & neck except spinal fusion,All,0.167851098,0.193671773,-0.025820675,0.161771999,0.006079099
(OP) Back & neck except spinal fusion,80,0.030213198,0.034860919,-0.004647721,0.02911896,0.001094238
(OP) Back & neck except spinal fusion,617,0.021820643,0.025177331,-0.003356688,0.02103036,0.000790283
(OP) Back & neck except spinal fusion,101,0.020142132,0.023240613,-0.003098481,0.01941264,0.000729492
(OP) Back & neck except spinal fusion,173,0.01678511,0.019367177,-0.002582067,0.0161772,0.00060791
(OP) Back & neck except spinal fusion,240,0.013428088,0.015493742,-0.002065654,0.01294176,0.000486328
(OP) Back & neck except spinal fusion,203,0.008392555,0.009683589,-0.001291034,0.0080886,0.000303955
(OP) Back & neck except spinal fusion,165,0.008392555,0.009683589,-0.001291034,0.0080886,0.000303955
(OP) Back & neck except spinal fusion,549,0.003357022,0.003873435,-0.000516413,0.00323544,0.000121582
(OP) Back & neck except spinal fusion,48,0.001678511,0.001936718,-0.000258207,0.00161772,6.0791E-05
(OP) Cardiac Defibrillator,All,0.488044937,0.408729338,0.0793156,0.395033388,0.093011549
(OP) Cardiac Defibrillator,711,0.087848089,0.073571281,0.014276808,0.07110601,0.016742079
(OP) Cardiac Defibrillator,4,0.063445842,0.053134814,0.010311028,0.05135434,0.012091501
(OP) Cardiac Defibrillator,174,0.058565392,0.049047521,0.009517872,0.047404007,0.011161386
(OP) Cardiac Defibrillator,206,0.048804494,0.040872934,0.00793156,0.039503339,0.009301155
(OP) Cardiac Defibrillator,37,0.039043595,0.032698347,0.006345248,0.031602671,0.007440924
(OP) Cardiac Defibrillator,462,0.024402247,0.020436467,0.00396578,0.019751669,0.004650577
(OP) Cardiac Defibrillator,222,0.024402247,0.020436467,0.00396578,0.019751669,0.004650577
(OP) Cardiac Defibrillator,698,0.009760899,0.008174587,0.001586312,0.007900668,0.001860231
(OP) Cardiac Defibrillator,787,0.004880449,0.004087293,0.000793156,0.003950334,0.000930115
(OP) Major joint replacement of the lower extremity (MJRLE),All,0.188021524,0.164239409,0.023782115,0.140864174,0.04715735
(OP) Major joint replacement of the lower extremity (MJRLE),488,0.033843874,0.029563094,0.004280781,0.025355551,0.008488323
(OP) Major joint replacement of the lower extremity (MJRLE),45,0.024442798,0.021351123,0.003091675,0.018312343,0.006130456
(OP) Major joint replacement of the lower extremity (MJRLE),696,0.022562583,0.019708729,0.002853854,0.016903701,0.005658882
(OP) Major joint replacement of the lower extremity (MJRLE),369,0.018802152,0.016423941,0.002378211,0.014086417,0.004715735
(OP) Major joint replacement of the lower extremity (MJRLE),479,0.015041722,0.013139153,0.001902569,0.011269134,0.003772588
(OP) Major joint replacement of the lower extremity (MJRLE),482,0.009401076,0.00821197,0.001189106,0.007043209,0.002357868
(OP) Major joint replacement of the lower extremity (MJRLE),345,0.009401076,0.00821197,0.001189106,0.007043209,0.002357868
(OP) Major joint replacement of the lower extremity (MJRLE),59,0.00376043,0.003284788,0.000475642,0.002817283,0.000943147
(OP) Major joint replacement of the lower extremity (MJRLE),642,0.001880215,0.001642394,0.000237821,0.001408642,0.000471574
(OP) Percutaneous Coronary Intervention,All,0.175178745,0.157757588,0.017421157,0.141025874,0.034152871
(OP) Percutaneous Coronary Intervention,151,0.031532174,0.028396366,0.003135808,0.025384657,0.006147517
(OP) Percutaneous Coronary Intervention,189,0.022773237,0.020508486,0.00226475,0.018333364,0.004439873
(OP) Percutaneous Coronary Intervention,7,0.021021449,0.018930911,0.002090539,0.016923105,0.004098344
(OP) Percutaneous Coronary Intervention,804,0.017517874,0.015775759,0.001742116,0.014102587,0.003415287
(OP) Percutaneous Coronary Intervention,275,0.0140143,0.012620607,0.001393693,0.01128207,0.00273223
(OP) Percutaneous Coronary Intervention,344,0.008758937,0.007887879,0.000871058,0.007051294,0.001707644
(OP) Percutaneous Coronary Intervention,710,0.008758937,0.007887879,0.000871058,0.007051294,0.001707644
(OP) Percutaneous Coronary Intervention,96,0.003503575,0.003155152,0.000348423,0.002820517,0.000683057
(OP) Percutaneous Coronary Intervention,358,0.001751787,0.001577576,0.000174212,0.001410259,0.000341529
