code,bsl_aco_pmpm,bsl_benchmark_pmpm,bsl_benchbest_pmpm,bsl_aco_trend,bsl_benchmark_trend,bsl_benchbest_trend,recom_tar_trend,recom_tar_pmpm,pred_pmpm,pred_better_pct,pred_worse_pct
c000000000,1019.07272,1002.36661,974.523093,0.050690151,0.035104121,0.021476136,0.035302069,1055.048096,1024.641423,0.9,1.1
c100000000,1030,970,925,0.056,0.035,0.021,0.039,1070.17,1000,0.9,1.1
c010000000,964.0347748,948.230926,921.8911781,0.054353961,0.034799969,0.019058192,0.037853651,1000.527011,969.3027244,0.9,1.1
c001000000,979.004751,962.9554927,936.2067291,0.058752624,0.034853425,0.020662675,0.040917006,1019.062694,984.3545037,0.9,1.1
c000100000,1011.34706,994.7675998,967.1351665,0.05693419,0.035700301,0.019477931,0.039650597,1051.447574,1016.873546,0.9,1.1
c000010000,1005.363834,988.8824598,961.4135026,0.055442542,0.036027824,0.019040033,0.038611771,1044.182712,1010.857626,0.9,1.1
c000001000,998.3157929,981.9499602,954.6735724,0.05785335,0.035602461,0.02006159,0.040290726,1038.538661,1003.77107,0.9,1.1
c000000100,1008.300858,991.7713354,964.2221317,0.056887503,0.035079044,0.020172554,0.039618082,1048.247804,1013.810698,0.9,1.1
c000000010,1009.92272,993.3666099,965.773093,0.058414423,0.034403479,0.020498771,0.040681473,1051.007864,1015.441423,0.9,1.1
c000000001,1014.49772,997.8666099,970.148093,0.057208741,0.033251986,0.019216965,0.039841802,1054.917137,1020.041423,0.9,1.1
c000000011,1005.34772,988.8666099,961.398093,0.05785548,0.033413807,0.019587675,0.040292209,1045.855401,1010.841423,0.9,1.1
c001000100,969.6618126,953.7657173,927.2722251,0.057220587,0.036087885,0.020995113,0.039850051,1008.302886,974.960511,0.9,1.1
c000001100,987.6438336,971.4529511,944.4681469,0.058317591,0.036403532,0.020867933,0.040614036,1027.756036,993.0407945,0.9,1.1
c001001000,958.2469936,942.5380264,916.3564146,0.056451394,0.035198134,0.019130466,0.039314364,995.9198643,963.4833159,0.9,1.1
c001001100,948.7761971,933.222489,907.2996421,0.05482247,0.035741265,0.019147571,0.038179935,985.0004102,953.9607665,0.9,1.1
c000010100,994.3329014,978.0323621,950.8647965,0.055206589,0.035054204,0.019457641,0.038447446,1032.562462,999.7664146,0.9,1.1
c001010000,967.5605089,951.6988612,925.2627817,0.05509039,0.035420018,0.020115128,0.038366521,1004.68244,972.8477248,0.9,1.1
c001010100,958.4008214,942.6893325,916.5035177,0.056891743,0.034456407,0.020959575,0.039621035,996.3736541,963.6379843,0.9,1.1
c000011000,984.3866134,968.2491279,941.3533188,0.057100592,0.035019587,0.019558832,0.039766484,1023.532207,989.7657752,0.9,1.1
c000011100,973.5264292,957.5669796,930.9678968,0.055469479,0.034321031,0.020404833,0.03863053,1011.134271,978.8462458,0.9,1.1
c001011000,946.8589886,931.3367101,905.4662459,0.056260911,0.036323942,0.020481573,0.039181706,983.9585388,952.0330814,0.9,1.1
c001011100,937.5427507,922.1731974,896.5572753,0.053898056,0.033568528,0.019347994,0.037536146,972.7344921,942.6659351,0.9,1.1
c010000100,953.4796705,937.8488563,911.7974992,0.057012039,0.035976979,0.020456646,0.039704813,991.3374022,958.689942,0.9,1.1
c011000000,927.9155241,912.7037942,887.3509111,0.055713235,0.033704227,0.01991568,0.038800289,963.9189146,932.9861008,0.9,1.1
c011000100,918.2469332,903.1937048,878.1049907,0.058195474,0.033926552,0.019390205,0.040528991,955.462555,923.264676,0.9,1.1
c010001000,942.9678756,927.5093858,901.7452362,0.054501955,0.034143605,0.020846873,0.037956718,978.7598417,948.1207055,0.9,1.1
c010001100,932.7231609,917.4326173,891.9483779,0.054264444,0.033999012,0.01954872,0.037791309,967.9719902,937.8200088,0.9,1.1
c011001000,907.1402977,892.2691453,867.4838912,0.057450155,0.034338683,0.019954043,0.040009929,943.4349169,912.0973485,0.9,1.1
c011001100,897.4288996,882.7169505,858.1970352,0.058032796,0.035800751,0.020402455,0.040415697,933.6991145,902.3328827,0.9,1.1
c010010000,951.6255647,936.0251456,910.0244471,0.054762673,0.035231174,0.020527186,0.03813829,987.9189362,956.8257044,0.9,1.1
c010010100,941.0202075,925.5936467,899.8827121,0.054138281,0.034972065,0.020638285,0.037703446,976.499912,946.1623944,0.9,1.1
c011010000,917.8791713,902.8319718,877.7533059,0.058474876,0.035060056,0.019249489,0.040723574,955.2584918,922.8949045,0.9,1.1
c011010100,907.9594447,893.0748636,868.2672285,0.058654969,0.036419858,0.019676469,0.040848996,945.0486765,912.9209717,0.9,1.1
c010011000,930.5603021,915.3052151,889.8800703,0.058010203,0.034142092,0.02030549,0.040399963,968.1549039,935.645331,0.9,1.1
c010011100,919.9359326,904.8550156,879.7201541,0.054847529,0.035384077,0.019185345,0.038197386,955.0750805,924.9629049,0.9,1.1
c011011000,897.2794902,882.5699904,858.0541573,0.053573625,0.034580682,0.020267346,0.037310203,930.7571703,902.1826568,0.9,1.1
c011011100,887.3440513,872.7974275,848.5530546,0.055559685,0.036669612,0.020401691,0.038693352,921.6783672,892.1929259,0.9,1.1
c000100100,1000.702818,984.297854,956.9562469,0.053787238,0.035801515,0.020849904,0.037458969,1038.188114,1006.17114,0.9,1.1
c001100000,975.1272739,959.1415809,932.4987592,0.056979184,0.035056264,0.019409668,0.039681932,1013.822208,980.4558382,0.9,1.1
c001100100,966.2008459,950.3614878,923.9625575,0.05639187,0.035849427,0.019456305,0.03927291,1004.146364,971.4806319,0.9,1.1
c000101000,990.712082,974.4709003,947.4022642,0.056727136,0.036376629,0.020806035,0.039506398,1029.851548,996.1258092,0.9,1.1
c000101100,980.0011084,963.9355165,937.1595299,0.056598737,0.033281392,0.019419888,0.039416978,1018.62979,985.3563057,0.9,1.1
c001101000,954.392261,938.7464862,912.6701949,0.055187514,0.036311248,0.019910341,0.038434162,991.0735275,959.6075192,0.9,1.1
c001101100,945.4669721,929.9675135,904.1350826,0.056179547,0.036457639,0.02072281,0.039125042,982.458407,950.6334582,0.9,1.1
c000110000,997.6788941,981.3235024,954.0645162,0.055601299,0.035500634,0.020512958,0.038722333,1036.311349,1003.130691,0.9,1.1
c000110100,986.7320209,970.5560861,943.5961949,0.054236099,0.036436816,0.019876388,0.037771569,1024.002438,992.1239992,0.9,1.1
c001110000,963.9882566,948.1851704,921.8466935,0.056907575,0.034934856,0.019846958,0.039632061,1002.193098,969.255952,0.9,1.1
c001110100,954.4408806,938.7943088,912.7166891,0.055934584,0.036570389,0.020531758,0.038954443,991.6205932,959.6564046,0.9,1.1
c000111000,976.9904234,960.974187,934.2804596,0.058328118,0.03450075,0.020361938,0.040621368,1016.677111,982.3291689,0.9,1.1
c000111100,966.1710809,950.3322108,923.9340938,0.057643348,0.034040477,0.020948889,0.040144474,1004.957511,971.4507043,0.9,1.1
c001111000,943.1937584,927.7315656,901.9612444,0.053891984,0.034500905,0.02042513,0.037531917,978.5936284,948.3478227,0.9,1.1
c001111100,933.7045883,918.3979557,892.8869014,0.057578477,0.035367321,0.020906505,0.040099296,971.1454852,938.8067991,0.9,1.1
c010100000,957.5538259,941.8562222,915.6935493,0.058234184,0.03345715,0.020053349,0.040555949,996.3883303,962.7863605,0.9,1.1
c010100100,946.3935497,930.8789013,905.0211541,0.05375136,0.033344258,0.020308372,0.037433983,981.8208295,951.5650991,0.9,1.1
c011100000,924.6627458,909.5043402,884.2403307,0.058124583,0.033691001,0.019255508,0.04047962,962.0927427,929.7155477,0.9,1.1
c011100100,914.8101647,899.8132767,874.8184635,0.055724079,0.036163024,0.020038361,0.038807841,950.3119721,919.8091273,0.9,1.1
c010101000,936.9189592,921.559632,895.9607534,0.055125748,0.03329001,0.019434979,0.038391146,972.8883515,942.038735,0.9,1.1
c010101100,925.758683,910.5823112,885.2883581,0.055297521,0.035609094,0.020491711,0.038510773,961.4103659,930.8174736,0.9,1.1
c011101000,903.9434624,889.1247171,864.4268083,0.057276221,0.03573065,0.019010268,0.039888797,940.0006793,908.8830442,0.9,1.1
c011101100,894.0695824,879.412704,854.9845733,0.057864451,0.035610549,0.019544127,0.040298457,930.0992067,898.9552085,0.9,1.1
c010110000,944.0132322,928.5376054,902.7448942,0.053514801,0.034134411,0.019933497,0.037269237,979.1958848,949.1717744,0.9,1.1
c010110100,933.7267824,918.419786,892.9081253,0.054492217,0.0353165,0.020382457,0.037949937,969.1616551,938.8291146,0.9,1.1
c011110000,914.3955724,899.4054811,874.4219955,0.054041243,0.035330844,0.019581165,0.037635866,948.8096413,919.3922695,0.9,1.1
c011110100,904.5512269,889.7225182,865.0080038,0.054849477,0.033345051,0.019941985,0.038198743,939.1039467,909.4941297,0.9,1.1
c010111000,923.3701647,908.2329489,883.0042559,0.053711609,0.03538332,0.019240075,0.037406299,957.9100253,928.4159033,0.9,1.1
c010111100,912.8569067,897.8920394,872.9505938,0.056440208,0.0344389,0.01957275,0.039306573,948.7381838,917.8451958,0.9,1.1
c011111000,893.7818641,879.1297023,854.7094328,0.054057958,0.033650597,0.019290335,0.037647506,927.4305224,898.665918,0.9,1.1
c011111100,884.0086017,869.5166574,845.3634169,0.053585902,0.036001358,0.019195282,0.037318753,916.9987007,888.8392498,0.9,1.1
c100000100,904.9918817,890.1559492,865.429395,0.058113428,0.03411626,0.020228171,0.040471851,941.6185786,909.9371925,0.9,1.1
c101000000,886.6530081,872.1177128,847.8922208,0.055646253,0.035839793,0.019296967,0.03875364,921.0140399,891.4981065,0.9,1.1
c101000100,877.1142421,862.7353201,838.7704501,0.054001748,0.036242726,0.019271889,0.03760836,910.1010706,881.9072161,0.9,1.1
c100001000,894.5139011,879.8497388,855.4094683,0.055881103,0.03397017,0.019525001,0.038917197,929.3258745,899.4019552,0.9,1.1
c100001100,884.2400149,869.7442769,845.5847137,0.053760088,0.033835417,0.019444377,0.037440061,917.3460151,889.0719275,0.9,1.1
c101001000,866.3605669,852.1579347,828.4868809,0.055160926,0.034011154,0.02091654,0.038415645,899.6423666,871.0947777,0.9,1.1
c101001100,856.3912619,842.3520609,818.9533925,0.057772451,0.035508272,0.019603381,0.040234385,890.8476378,861.0709956,0.9,1.1
c100010000,903.4095182,888.5995261,863.9162059,0.054068429,0.034881361,0.020674161,0.037654799,937.4272218,908.3461822,0.9,1.1
c100010100,893.7686496,879.1167045,854.6967961,0.056721608,0.036147204,0.020606543,0.039502548,929.0747888,898.6526313,0.9,1.1
c101010000,877.0115935,862.6343543,838.6722889,0.056963559,0.034888663,0.019808118,0.03967105,911.8035641,881.8040066,0.9,1.1
c101010100,867.3881758,853.1686975,829.4695671,0.053851916,0.034640853,0.019350337,0.037504013,899.918713,872.1280019,0.9,1.1
c100011000,882.662005,868.1921361,844.0756879,0.056115777,0.036150617,0.019888795,0.03908063,917.1569927,887.4852947,0.9,1.1
c100011100,873.0583955,858.7459628,834.8919082,0.055859857,0.03356936,0.01963981,0.0389024,907.0224627,877.8292064,0.9,1.1
c101011000,856.1673591,842.1318286,818.7392778,0.057307995,0.036646891,0.020443563,0.039910925,890.3377906,860.8458693,0.9,1.1
c101011100,846.866838,832.9837751,809.8453369,0.057157553,0.034174969,0.019583776,0.039806153,880.5773491,851.4945256,0.9,1.1
c110000000,866.1087643,851.91026,828.2460861,0.054117649,0.035876992,0.019012937,0.037689077,898.7516042,870.8415991,0.9,1.1
c110000100,855.9116444,841.880306,818.494742,0.058623307,0.036261149,0.019808202,0.040826946,890.855903,860.5887573,0.9,1.1
c111000000,839.5139486,825.7514248,802.8138853,0.056955059,0.036382302,0.020673599,0.03966513,872.8133786,844.1014565,0.9,1.1
c111000100,830.5886138,816.972407,794.278729,0.056273844,0.033549274,0.019669972,0.039190713,863.1399734,835.1273494,0.9,1.1
c110001000,845.3715006,831.5129514,808.4153694,0.055196892,0.033601728,0.019536869,0.038440693,877.8681666,849.991017,0.9,1.1
c110001100,834.9640726,821.276137,798.4629109,0.058660145,0.035408587,0.020137765,0.040852601,869.0745264,839.5267178,0.9,1.1
c111001000,819.0701893,805.6428092,783.2638422,0.057792102,0.035675583,0.019332528,0.040248071,852.0361847,823.5459827,0.9,1.1
c111001100,810.1821484,796.9004738,774.7643496,0.053677292,0.034538306,0.020205782,0.0373824,840.4687012,814.6093733,0.9,1.1
c110010000,854.8370915,840.8233687,817.467164,0.056669562,0.034109598,0.020020205,0.039466302,888.5743503,859.5083324,0.9,1.1
c110010100,844.8155212,830.9660864,807.8836951,0.053408219,0.034840066,0.019988874,0.037195009,876.2384425,849.4319995,0.9,1.1
c111010000,830.3935979,816.7805881,794.0922384,0.054928143,0.035877574,0.019473441,0.038253528,862.1590825,834.9312678,0.9,1.1
c111010100,821.9306558,808.4563828,785.999261,0.0586218,0.034735482,0.020076713,0.040825896,855.4867114,826.4220802,0.9,1.1
c110011000,834.3869208,820.7084467,797.9109898,0.055095435,0.036515534,0.020460197,0.038370035,866.4023759,838.9464122,0.9,1.1
c110011100,824.2343974,810.7223581,788.2022926,0.057184932,0.03444288,0.020140562,0.039825221,857.0597142,828.7384105,0.9,1.1
c111011000,809.795584,796.5202466,774.3946842,0.053476601,0.034834075,0.020790875,0.037242633,839.9545038,814.2206965,0.9,1.1
c111011100,801.3425121,788.2057496,766.3111455,0.058551448,0.03651735,0.019079489,0.040776901,834.0187768,805.721433,0.9,1.1
c100100000,909.0231124,894.1210942,869.2843971,0.055323903,0.035642513,0.020710517,0.038529147,944.0469974,913.9904518,0.9,1.1
c100100100,899.4434085,884.6984346,860.1234781,0.057381705,0.033298241,0.020067677,0.039962259,935.387199,904.3583998,0.9,1.1
c101100000,884.195226,869.7002223,845.5418828,0.058132321,0.036593446,0.019573425,0.040485009,919.9918781,889.0268939,0.9,1.1
c101100100,874.2379336,859.9061642,836.0198819,0.053455478,0.034078052,0.019549309,0.037227922,906.7839952,879.0151901,0.9,1.1
c100101000,888.4597273,873.8948137,849.6199578,0.057622303,0.034483666,0.020771265,0.040129818,924.1134543,893.3146984,0.9,1.1
c100101100,878.7736875,864.3675615,840.3573514,0.053488698,0.036176662,0.020253499,0.037251058,911.508937,883.5757295,0.9,1.1
c101101000,863.5221832,849.3660819,825.7725796,0.056443923,0.035937627,0.020704777,0.03930916,897.4665152,868.2408837,0.9,1.1
c101101100,853.56622,839.5733311,816.2518497,0.057149792,0.035378509,0.019751695,0.039800748,887.5387938,858.2305163,0.9,1.1
c100110000,898.1696125,883.4455205,858.9053671,0.05866352,0.034607397,0.020496492,0.040854951,934.8642882,903.0776431,0.9,1.1
c100110100,887.9909734,873.4337443,849.1716959,0.056548207,0.036229058,0.019523386,0.039381787,922.9616445,892.8433831,0.9,1.1
c101110000,874.3655025,860.0316418,836.1418739,0.055479036,0.035621124,0.020963521,0.038637186,908.1485248,879.143456,0.9,1.1
c101110100,865.5921751,851.4021395,827.75208,0.056701765,0.034246465,0.020918873,0.039488729,899.7733102,870.322187,0.9,1.1
c100111000,877.3348575,862.9523188,838.9814211,0.053236296,0.034003942,0.020138393,0.037075278,909.8622911,882.129037,0.9,1.1
c100111100,867.2303539,853.0134629,829.3186445,0.057862459,0.034254139,0.020153786,0.04029707,902.1771962,871.9693176,0.9,1.1
c101111000,853.7301256,839.7345498,816.4085901,0.056512865,0.036036799,0.01934589,0.039357174,887.3305304,858.3953176,0.9,1.1
c101111100,844.8039984,830.9547525,807.8726761,0.054171021,0.036610833,0.020671239,0.037726246,876.6752823,849.4204137,0.9,1.1
c110100000,860.1478943,846.0471092,822.5458006,0.055346941,0.035184726,0.019508205,0.038545191,893.3024591,864.8481561,0.9,1.1
c110100100,849.5610446,835.6338144,812.421764,0.057224458,0.035185202,0.020512349,0.039852748,883.4183866,854.2034547,0.9,1.1
c111100000,836.9223355,823.2022973,800.3355668,0.056004268,0.035393096,0.020746688,0.039002973,869.5647945,841.4956816,0.9,1.1
c111100100,828.2114503,814.6342134,792.0054852,0.053583538,0.036119433,0.019796617,0.037317106,859.1179051,832.7371959,0.9,1.1
c110101000,839.5189475,825.7563418,802.8186657,0.054230261,0.033498822,0.019888675,0.037767503,871.2254823,844.1064828,0.9,1.1
c110101100,828.9525282,815.3631425,792.7141663,0.056226437,0.035460964,0.020903246,0.039157697,861.4124003,833.4823234,0.9,1.1
c111101000,816.375305,802.9921033,780.6867671,0.054491733,0.033804905,0.020848519,0.0379496,847.356421,820.8363722,0.9,1.1
c111101100,807.9330634,794.6882591,772.6135852,0.054083002,0.034087975,0.02040001,0.037664948,838.3638199,812.3479982,0.9,1.1
c110110000,848.920124,835.0034007,811.8088618,0.056378365,0.03425223,0.019543115,0.039263504,882.2517028,853.5590318,0.9,1.1
c110110100,839.3712515,825.6110671,802.6774263,0.053205662,0.034798242,0.019898874,0.037053943,870.4732661,843.9579797,0.9,1.1
c111110000,827.9987147,814.4249653,791.8020496,0.053987616,0.03606728,0.020316957,0.037598518,859.1302396,832.5232979,0.9,1.1
c111110100,819.2200711,805.7902339,783.4071718,0.054306614,0.03468464,0.019871412,0.037820677,850.2035291,823.6966835,0.9,1.1
c110111000,828.1511433,814.5748951,791.9478147,0.054575203,0.033295031,0.019354105,0.038007731,859.6272888,832.6765594,0.9,1.1
c110111100,818.9859233,805.5599246,783.18326,0.056160236,0.03648584,0.019690978,0.039111593,851.0177673,823.4612563,0.9,1.1
c111111000,807.5178896,794.2798914,772.2165611,0.054438142,0.033296483,0.019988876,0.037912277,838.1327319,811.9305557,0.9,1.1
c111111100,798.6264491,785.5342122,763.7138175,0.055527235,0.035587125,0.020256014,0.038670753,829.5099355,802.9905281,0.9,1.1
c000000110,999.1508577,982.7713354,955.4721317,0.056217844,0.035757579,0.019811844,0.039151713,1038.269325,1004.610698,0.9,1.1
c001000010,969.854751,953.9554927,927.4567291,0.055284755,0.035146377,0.019357508,0.038501883,1007.195985,975.1545037,0.9,1.1
c001000110,960.5118126,944.7657173,918.5222251,0.056220275,0.034780632,0.020394237,0.039153406,998.1191212,965.760511,0.9,1.1
c000001010,989.1657929,972.9499602,945.9235724,0.058077535,0.034948492,0.019116753,0.040446854,1029.174438,994.5710704,0.9,1.1
c000001110,978.4938336,962.4529511,935.7181469,0.05703402,0.034374361,0.020574213,0.039720121,1017.359727,983.8407945,0.9,1.1
c001001010,949.0969936,933.5380264,907.6064146,0.057003312,0.035085579,0.020597719,0.039698735,986.7749436,954.2833159,0.9,1.1
c001001110,939.6261971,924.222489,898.5496421,0.05419676,0.03581975,0.020278895,0.037744172,975.0916101,944.7607665,0.9,1.1
c000010010,996.2138341,979.8824598,952.6635026,0.058596438,0.035236742,0.020795889,0.040808234,1036.867561,1001.657626,0.9,1.1
c000010110,985.1829014,969.0323621,942.1147965,0.058442353,0.035969637,0.020317296,0.040700925,1025.280756,990.5664146,0.9,1.1
c001010010,958.4105089,942.6988612,916.5127817,0.054011723,0.035388356,0.019804681,0.037615307,994.4614145,963.6477248,0.9,1.1
c001010110,949.2508214,933.6893325,907.7535177,0.05770818,0.036548324,0.019148122,0.040189625,987.400856,954.4379843,0.9,1.1
c000011010,975.2366134,959.2491279,932.6033188,0.058486838,0.034923068,0.020431242,0.040731905,1014.959858,980.5657752,0.9,1.1
c000011110,964.3764292,948.5669796,922.2178968,0.056141137,0.03661268,0.019076675,0.039098292,1002.0819,969.6462458,0.9,1.1
c001011010,937.7089886,922.3367101,896.7162459,0.057814621,0.033759014,0.020785524,0.040263754,975.4646727,942.8330814,0.9,1.1
c001011110,928.3927507,913.1731974,887.8072753,0.055723728,0.034203947,0.019976571,0.038807596,964.4214418,933.4659351,0.9,1.1
c010000010,954.8847748,939.230926,913.1411781,0.055710096,0.035816599,0.020749573,0.038798102,991.9324919,960.1027244,0.9,1.1
c010000110,944.3296705,928.8488563,903.0474992,0.055740527,0.034376489,0.020219769,0.038819296,980.9878831,949.489942,0.9,1.1
c011000010,918.7655241,903.7037942,878.6009111,0.05677736,0.034758358,0.020547317,0.039541376,955.0947771,923.7861008,0.9,1.1
c011000110,909.0969332,894.1937048,869.3549907,0.053936358,0.035346233,0.020804918,0.03756282,943.245178,914.064676,0.9,1.1
c010001010,933.8178756,918.5093858,892.9952362,0.055537682,0.034155799,0.019730627,0.038678028,969.9361098,938.9207055,0.9,1.1
c010001110,923.5731609,908.4326173,883.1983779,0.054874682,0.034663387,0.020448276,0.038216297,958.8687067,928.6200088,0.9,1.1
c011001010,897.9902977,883.2691453,858.7338912,0.053822893,0.03644823,0.019019371,0.037483801,931.6503871,902.8973485,0.9,1.1
c011001110,888.2788996,873.7169505,849.4470352,0.057376236,0.035020432,0.020350425,0.03995845,923.7731478,893.1328827,0.9,1.1
c010010010,942.4755647,927.0251456,901.2744471,0.053771433,0.03536769,0.019383887,0.037447962,977.7693542,947.6257044,0.9,1.1
c010010110,931.8702075,916.5936467,891.1327121,0.057925654,0.033334051,0.019405803,0.04034108,969.4628583,936.9623944,0.9,1.1
c011010010,908.7291713,893.8319718,869.0033059,0.054309326,0.034926946,0.019709195,0.037822566,943.0996404,913.6949045,0.9,1.1
c011010110,898.8094447,884.0748636,859.5172285,0.056116746,0.034497123,0.020177305,0.039081305,933.9360909,903.7209717,0.9,1.1
c010011010,921.4103021,906.3052151,881.1300703,0.054557414,0.035266992,0.019562934,0.037995342,956.4196015,926.445331,0.9,1.1
c010011110,910.7859326,895.8550156,870.9701541,0.055964597,0.03333306,0.019656984,0.038975345,946.2841281,915.7629049,0.9,1.1
c011011010,888.1294902,873.5699904,849.3041573,0.056487746,0.035041379,0.019815317,0.03933968,923.0682205,892.9826568,0.9,1.1
c011011110,878.1940513,863.7974275,839.8030546,0.054724187,0.03520182,0.020922076,0.038111487,911.6633329,882.9929259,0.9,1.1
c000100010,1002.19706,985.7675998,958.3851665,0.056445713,0.033366318,0.0201035,0.039310407,1041.593835,1007.673546,0.9,1.1
c000100110,991.5528182,975.297854,948.2062469,0.056193154,0.035096114,0.019553314,0.039134518,1030.35676,996.9711396,0.9,1.1
c001100010,965.9772739,950.1415809,923.7487592,0.05365784,0.033688102,0.019820387,0.037368853,1002.074737,971.2558382,0.9,1.1
c001100110,957.0508459,941.3614878,915.2125575,0.053727021,0.036516264,0.019174333,0.037417032,992.8608485,962.2806319,0.9,1.1
c000101010,981.562082,965.4709003,938.6522642,0.058368668,0.035916627,0.020342708,0.040649608,1021.462196,986.9258092,0.9,1.1
c000101110,970.8511084,954.9355165,928.4095299,0.053403778,0.033326584,0.020515804,0.037191917,1006.958922,976.1563057,0.9,1.1
c001101010,945.242261,929.7464862,903.9201949,0.053443509,0.033566826,0.020994507,0.037219587,980.4237871,950.4075192,0.9,1.1
c001101110,936.3169721,920.9675135,895.3850826,0.054685586,0.033673887,0.019026371,0.038084604,971.9762336,941.4334582,0.9,1.1
c000110010,988.5288941,972.3235024,945.3145162,0.057946896,0.036743597,0.020044102,0.040355874,1028.421842,993.9306913,0.9,1.1
c000110110,977.5820209,961.5560861,934.8461949,0.058756814,0.034314729,0.019737333,0.040919924,1017.584603,982.9239992,0.9,1.1
c001110010,954.8382566,939.1851704,913.0966935,0.057385156,0.035274554,0.02074786,0.039964662,992.9980448,960.055952,0.9,1.1
c001110110,945.2908806,929.7943088,903.9666891,0.058126696,0.033753793,0.02092118,0.040481092,983.5572875,950.4564046,0.9,1.1
c000111010,967.8404234,951.974187,925.5304596,0.054852903,0.036237208,0.020987667,0.038201129,1004.81302,973.1291689,0.9,1.1
c000111110,957.0210809,941.3322108,915.1840938,0.058424608,0.036108691,0.020873905,0.040688566,995.9608965,962.2507043,0.9,1.1
c001111010,934.0437584,918.7315656,893.2112444,0.056573649,0.034153726,0.020031331,0.039399506,970.8446209,939.1478227,0.9,1.1
c001111110,924.5545883,909.3979557,884.1369014,0.055100847,0.034540421,0.019857797,0.038373804,960.0332653,929.6067991,0.9,1.1
c010100010,948.4038259,932.8562222,906.9435493,0.054397528,0.03602033,0.020809472,0.037883993,984.3331498,953.5863605,0.9,1.1
c010100110,937.2435497,921.8789013,896.2711541,0.056503536,0.034117067,0.020777211,0.039350677,974.1247178,942.3650991,0.9,1.1
c011100010,915.5127458,900.5043402,875.4903307,0.057475914,0.034282776,0.020425622,0.040027868,952.1587695,920.5155477,0.9,1.1
c011100110,905.6601647,890.8132767,866.0684635,0.057305923,0.036193981,0.020240312,0.039909482,941.8045931,910.6091273,0.9,1.1
c010101010,927.7689592,912.559632,887.2107534,0.055318892,0.035208371,0.020637567,0.038525657,963.511868,932.838735,0.9,1.1
c010101110,916.608683,901.5823112,876.5383581,0.057741407,0.035168442,0.019341924,0.040212765,953.4680529,921.6174736,0.9,1.1
c011101010,894.7934624,880.1247171,855.6768083,0.054260277,0.035950985,0.0200405,0.037788407,928.6062824,899.6830442,0.9,1.1
c011101110,884.9195824,870.412704,846.2345733,0.05797706,0.036297629,0.019638232,0.040376881,920.6498753,889.7552085,0.9,1.1
c010110010,934.8632322,919.5376054,893.9948942,0.057304327,0.035081529,0.019453941,0.03990837,972.1721003,939.9717744,0.9,1.1
c010110110,924.5767824,909.419786,884.1581253,0.054816234,0.035768601,0.020770059,0.038175591,959.8730478,929.6291146,0.9,1.1
c011110010,905.2455724,890.4054811,865.6719955,0.058141903,0.035521936,0.019365258,0.040491682,941.9004887,910.1922695,0.9,1.1
c011110110,895.4012269,880.7225182,856.2580038,0.054025686,0.035058481,0.01980965,0.037625032,929.0907263,900.2941297,0.9,1.1
c010111010,914.2201647,899.2329489,874.2542559,0.056763744,0.033407515,0.020689791,0.039531893,950.3610188,919.2159033,0.9,1.1
c010111110,903.7069067,888.8920394,864.2005938,0.057862566,0.036034095,0.019007499,0.040297144,940.1237141,908.6451958,0.9,1.1
c011111010,884.6318641,870.1297023,845.9594328,0.055637553,0.035654302,0.019102459,0.038747581,918.9092093,889.465918,0.9,1.1
c011111110,874.8586017,860.5166574,836.6134169,0.056564095,0.035209717,0.019652824,0.039392852,909.321777,879.6392498,0.9,1.1
c100000010,905.85,891,866.25,0.053831489,0.035229941,0.02053016,0.037489787,939.8101237,910.8,0.9,1.1
c100000110,895.8418817,881.1559492,856.679395,0.058405494,0.035129444,0.019615055,0.040675255,932.2804785,900.7371925,0.9,1.1
c101000010,877.5030081,863.1177128,839.1422208,0.053767131,0.033765749,0.019128439,0.037444966,910.3610784,882.2981065,0.9,1.1
c101000110,867.9642421,853.7353201,830.0204501,0.055494749,0.036671835,0.020152642,0.038648128,901.5094357,872.7072161,0.9,1.1
c100001010,885.3639011,870.8497388,846.6594683,0.053602834,0.035309767,0.020788059,0.037330545,918.4150185,890.2019552,0.9,1.1
c100001110,875.0900149,860.7442769,836.8347137,0.05789174,0.033994047,0.019787062,0.040317462,910.3714233,879.8719275,0.9,1.1
c101001010,857.2105669,843.1579347,819.7368809,0.054568178,0.035909468,0.020570745,0.038002838,889.7870015,861.8947777,0.9,1.1
c101001110,847.2412619,833.3520609,810.2033925,0.05385826,0.036201788,0.019123831,0.037508431,879.0199524,851.8709956,0.9,1.1
c100010010,894.2595182,879.5995261,855.1662059,0.053315981,0.036504579,0.020713476,0.037130773,927.4640651,899.1461822,0.9,1.1
c100010110,884.6186496,870.1167045,845.9467961,0.058123241,0.035002237,0.019982371,0.040478686,920.42685,889.4526313,0.9,1.1
c101010010,867.8615935,853.6343543,829.9222889,0.057850581,0.033523939,0.019091264,0.040288798,902.8266937,872.6040066,0.9,1.1
c101010110,858.2381758,844.1686975,820.7195671,0.056713216,0.03412729,0.020052187,0.039496704,892.1357548,862.9280019,0.9,1.1
c100011010,873.512005,859.1921361,835.3256879,0.054271873,0.035943084,0.019188437,0.037796483,906.5276865,878.2852947,0.9,1.1
c100011110,863.9083955,849.7459628,826.1419082,0.055026682,0.036745845,0.020718401,0.038322153,897.0152254,868.6292064,0.9,1.1
c101011010,847.0173591,833.1318286,809.9892778,0.055211894,0.036245089,0.020550703,0.03845114,879.5861424,851.6458693,0.9,1.1
c101011110,837.716838,823.9837751,801.0953369,0.054305414,0.03670364,0.019574091,0.037819842,869.3991564,842.2945256,0.9,1.1
c110000010,856.9587643,842.91026,819.4960861,0.057355253,0.035026782,0.020394694,0.039943837,891.1889854,861.6415991,0.9,1.1
c110000110,846.7616444,832.880306,809.744742,0.058444899,0.033305936,0.019776777,0.040702697,881.2271274,851.3887573,0.9,1.1
c111000010,830.3639486,816.7514248,794.0638853,0.054880007,0.036747897,0.019010421,0.038220005,862.1004627,834.9014565,0.9,1.1
c111000110,821.4386138,807.972407,785.528729,0.055669004,0.033969094,0.019148582,0.038769485,853.2853655,825.9273494,0.9,1.1
c110001010,836.2215006,822.5129514,799.6653694,0.053500054,0.035650284,0.019158314,0.037258966,867.3782494,840.791017,0.9,1.1
c110001110,825.8140726,812.276137,789.7129109,0.053333711,0.034729409,0.01913494,0.03714312,856.487384,830.3267178,0.9,1.1
c111001010,809.9201893,796.6428092,774.5138422,0.053349425,0.033684744,0.019410553,0.037154064,840.0120155,814.3459827,0.9,1.1
c111001110,801.0321484,787.9004738,766.0143496,0.058714742,0.036150418,0.020395898,0.040890624,833.7868528,805.4093733,0.9,1.1
c110010010,845.6870915,831.8233687,808.717164,0.058686382,0.033429218,0.020755232,0.040870873,880.2510613,850.3083324,0.9,1.1
c110010110,835.6655212,821.9660864,799.1336951,0.057150864,0.035777895,0.020881184,0.039801494,868.9262576,840.2319995,0.9,1.1
c111010010,821.2435979,807.7805881,785.3422384,0.058558583,0.033831396,0.019153077,0.040781871,854.735448,825.7312678,0.9,1.1
c111010110,812.7806558,799.4563828,777.249261,0.053251389,0.036482412,0.019878252,0.037085789,842.9232675,817.2220802,0.9,1.1
c110011010,825.2369208,811.7084467,789.1609898,0.055020271,0.03332844,0.020079389,0.038317688,856.858092,829.7464122,0.9,1.1
c110011110,815.0843974,801.7223581,779.4522926,0.053418307,0.033641294,0.019254946,0.037202035,845.4071957,819.5384105,0.9,1.1
c111011010,800.645584,787.5202466,765.6446842,0.053215138,0.03654934,0.020538702,0.037060543,830.3179438,805.0206965,0.9,1.1
c111011110,792.1925121,779.2057496,757.5611455,0.056057022,0.034999487,0.020998687,0.039039711,823.1194792,796.521433,0.9,1.1
c100100010,899.8731124,885.1210942,860.5343971,0.056296715,0.033719161,0.019795843,0.039206641,935.1541141,904.7904518,0.9,1.1
c100100110,890.2934085,875.6984346,851.3734781,0.055280518,0.034261137,0.020320966,0.038498932,924.5687538,895.1583998,0.9,1.1
c101100010,875.045226,860.7002223,836.7918828,0.055424233,0.036495653,0.019527065,0.038599019,908.8211134,879.8268939,0.9,1.1
c101100110,865.0879336,850.9061642,827.2698819,0.05671783,0.035809214,0.020552761,0.039499917,899.2588356,869.8151901,0.9,1.1
c100101010,879.3097273,864.8948137,840.8699578,0.058503008,0.034694046,0.019230264,0.040743166,915.1355898,884.1146984,0.9,1.1
c100101110,869.6236875,855.3675615,831.6073514,0.058720605,0.033826005,0.020087932,0.040894707,905.1866932,874.3757295,0.9,1.1
c101101010,854.3721832,840.3660819,817.0225796,0.058421715,0.036160299,0.020559067,0.040686551,889.1336409,859.0408837,0.9,1.1
c101101110,844.41622,830.5733311,807.5018497,0.055438599,0.034705005,0.019565584,0.038609024,877.0183064,849.0305163,0.9,1.1
c100110010,889.0196125,874.4455205,850.1553671,0.055187942,0.034190106,0.019848927,0.03843446,923.1886009,893.8776431,0.9,1.1
c100110110,878.8409734,864.4337443,840.4216959,0.056701336,0.036141074,0.02005824,0.039488431,913.5450241,883.6433831,0.9,1.1
c101110010,865.2155025,851.0316418,827.3918739,0.058199379,0.033343334,0.020668785,0.040531711,900.2841669,869.943456,0.9,1.1
c101110110,856.4421751,842.4021395,819.00208,0.058404864,0.034865137,0.020512466,0.040674816,891.2778029,861.122187,0.9,1.1
c100111010,868.1848575,853.9523188,830.2314211,0.054755474,0.033459977,0.019380007,0.038133276,901.2915904,872.929037,0.9,1.1
c100111110,858.0803539,844.0134629,820.5686445,0.055237421,0.035134392,0.020202043,0.038468918,891.089777,862.7693176,0.9,1.1
c101111010,844.5801256,830.7345498,807.6585901,0.053837728,0.035590344,0.019927606,0.037494132,876.2469244,849.1953176,0.9,1.1
c101111110,835.6539984,821.9547525,799.1226761,0.054591802,0.035410036,0.019591922,0.03801929,867.4249704,840.2204137,0.9,1.1
c110100010,850.9978943,837.0471092,813.7958006,0.056363369,0.03409519,0.019809696,0.039253061,884.4021664,855.6481561,0.9,1.1
c110100110,840.4110446,826.6338144,803.671764,0.055865586,0.036581406,0.020032748,0.03890639,873.1084049,845.0034547,0.9,1.1
c111100010,827.7723355,814.2022973,791.5855668,0.056748494,0.033793956,0.019810386,0.039521273,860.4869517,832.2956816,0.9,1.1
c111100110,819.0614503,805.6342134,783.2554852,0.055137023,0.033722227,0.020416046,0.038398998,850.5125891,823.5371959,0.9,1.1
c110101010,830.3689475,816.7563418,794.0686657,0.0564932,0.034696236,0.02096487,0.039343478,863.0385503,834.9064828,0.9,1.1
c110101110,819.8025282,806.3631425,783.9641663,0.0569769,0.035124844,0.019726078,0.039680341,852.3325719,824.2823234,0.9,1.1
c111101010,807.225305,793.9921033,771.9367671,0.056913506,0.033905732,0.020395309,0.039636191,839.2206418,811.6363722,0.9,1.1
c111101110,798.7830634,785.6882591,763.8635852,0.055626097,0.036156325,0.020117076,0.038739604,829.7276026,803.1479982,0.9,1.1
c110110010,839.770124,826.0034007,803.0588618,0.053629952,0.034118172,0.019941682,0.037349431,871.1350602,844.3590318,0.9,1.1
c110110110,830.2212515,816.6110671,793.9274263,0.057901262,0.036135896,0.020651584,0.040324094,863.6991709,834.7579797,0.9,1.1
c111110010,818.8487147,805.4249653,783.0520496,0.054118379,0.035804391,0.019614063,0.037689585,849.7107833,823.3232979,0.9,1.1
c111110110,810.0700711,796.7902339,774.6571718,0.055197002,0.034428745,0.020707935,0.038440769,841.2097879,814.4966835,0.9,1.1
c110111010,819.0011433,805.5748951,783.1978147,0.0564788,0.035047068,0.019469838,0.03933345,851.2152838,823.4765594,0.9,1.1
c110111110,809.8359233,796.5599246,774.43326,0.054257415,0.036457034,0.020064881,0.037786414,840.436719,814.2612563,0.9,1.1
c111111010,798.3678896,785.2798914,763.4665611,0.058167683,0.036423539,0.019358614,0.040509636,830.7094825,802.7305557,0.9,1.1
c111111110,789.4764491,776.5342122,754.9638175,0.05737157,0.034603169,0.019896989,0.039955201,821.0201391,793.7905281,0.9,1.1
c000000101,1003.725858,987.2713354,959.8471317,0.05776811,0.035151426,0.020129236,0.040231362,1044.107116,1009.210698,0.9,1.1
c001000001,974.429751,958.4554927,931.8317291,0.055911101,0.036743668,0.020589522,0.038938088,1012.372183,979.7545037,0.9,1.1
c001000101,965.0868126,949.2657173,922.8972251,0.057429448,0.033764139,0.019530974,0.039995508,1003.68595,970.360511,0.9,1.1
c000001001,993.7407929,977.4499602,950.2985724,0.056839794,0.033619474,0.019520829,0.039584857,1033.07788,999.1710704,0.9,1.1
c000001101,983.0688336,966.9529511,940.0931469,0.058500848,0.035479331,0.019884228,0.040741662,1023.120692,988.4407945,0.9,1.1
c001001001,953.6719936,938.0380264,911.9814146,0.053306804,0.034195083,0.020355292,0.037124381,989.0764761,958.8833159,0.9,1.1
c001001101,944.2011971,928.722489,902.9246421,0.05652338,0.034568109,0.019290168,0.039364497,981.3692023,949.3607665,0.9,1.1
c000010001,1000.788834,984.3824598,957.0385026,0.055481885,0.034127118,0.020505465,0.03863917,1039.458484,1006.257626,0.9,1.1
c000010101,989.7579014,973.5323621,946.4897965,0.054338854,0.03406563,0.019101372,0.03784313,1027.213439,995.1664146,0.9,1.1
c001010001,962.9855089,947.1988612,920.8877817,0.057715461,0.034924225,0.019406013,0.040194696,1001.692419,968.2477248,0.9,1.1
c001010101,953.8258214,938.1893325,912.1285177,0.05725225,0.036366256,0.02085314,0.039872102,991.8568622,959.0379843,0.9,1.1
c000011001,979.8116134,963.7491279,936.9783188,0.05767149,0.036013791,0.019890421,0.040164073,1019.164839,985.1657752,0.9,1.1
c000011101,968.9514292,953.0669796,926.5928968,0.053808632,0.033929904,0.019953284,0.037473869,1005.261788,974.2462458,0.9,1.1
c001011001,942.2839886,926.8367101,901.0912459,0.055344699,0.034775762,0.019201026,0.03854363,978.6030339,947.4330814,0.9,1.1
c001011101,932.9677507,917.6731974,892.1822753,0.053411769,0.036229904,0.019180256,0.037197482,967.671802,938.0659351,0.9,1.1
c010000001,959.4597748,943.730926,917.5161781,0.057055273,0.033570366,0.020205745,0.039734922,997.5838342,964.7027244,0.9,1.1
c010000101,948.9046705,933.3488563,907.4224992,0.056453407,0.036431861,0.020456825,0.039315765,986.2115838,954.089942,0.9,1.1
c011000001,923.3405241,908.2037942,882.9759111,0.054349087,0.035833674,0.019411559,0.037850257,958.2892004,928.3861008,0.9,1.1
c011000101,913.6719332,898.6937048,873.7299907,0.05386283,0.034166836,0.019893852,0.037511613,947.9452415,918.664676,0.9,1.1
c010001001,938.3928756,923.0093858,897.3702362,0.054567487,0.035352742,0.020543592,0.038002357,974.0540166,943.5207055,0.9,1.1
c010001101,928.1481609,912.9326173,887.5733779,0.058120451,0.035228058,0.019453582,0.040476743,965.7165752,933.2200088,0.9,1.1
c011001001,902.5652977,887.7691453,863.1088912,0.056864171,0.035927794,0.019378163,0.039601833,938.3085381,907.4973485,0.9,1.1
c011001101,892.8538996,878.2169505,853.8220352,0.053464359,0.035077925,0.019044897,0.037234107,926.0985177,897.7328827,0.9,1.1
c010010001,947.0505647,931.5251456,905.6494471,0.057582665,0.035616553,0.020796726,0.040102213,985.0293885,952.2257044,0.9,1.1
c010010101,936.4452075,921.0936467,895.5077121,0.054111807,0.035168652,0.020437222,0.037685008,971.7351529,941.5623944,0.9,1.1
c011010001,913.3041713,898.3319718,873.3783059,0.055176561,0.034060033,0.020302621,0.038426534,948.3992849,918.2949045,0.9,1.1
c011010101,903.3844447,888.5748636,863.8922285,0.05759889,0.035745651,0.019296846,0.040113513,939.6223683,908.3209717,0.9,1.1
c010011001,925.9853021,910.8052151,885.5050703,0.05857767,0.036665457,0.020336124,0.040795163,963.7610234,931.045331,0.9,1.1
c010011101,915.3609326,900.3550156,875.3451541,0.057572078,0.036254283,0.020858817,0.04009484,952.0621829,920.3629049,0.9,1.1
c011011001,892.7044902,878.0699904,853.6791573,0.054688791,0.034343353,0.020046803,0.038086837,926.7047805,897.5826568,0.9,1.1
c011011101,882.7690513,868.2974275,844.1780546,0.057602141,0.035189864,0.020985703,0.040115777,918.1820173,887.5929259,0.9,1.1
c000100001,1006.77206,990.2675998,962.7601665,0.053328143,0.034439181,0.019217151,0.037139243,1044.162812,1012.273546,0.9,1.1
c000100101,996.1278182,979.797854,952.5812469,0.057177636,0.035086737,0.020582841,0.039820139,1035.793767,1001.57114,0.9,1.1
c001100001,970.5522739,954.6415809,928.1237592,0.053728497,0.03627133,0.019358472,0.03741806,1006.868458,975.8558382,0.9,1.1
c001100101,961.6258459,945.8614878,919.5875575,0.054036286,0.033426966,0.019133127,0.037632413,997.8141472,966.8806319,0.9,1.1
c000101001,986.137082,969.9709003,943.0272642,0.054789131,0.035449472,0.020424954,0.038156716,1023.764835,991.5258092,0.9,1.1
c000101101,975.4261084,959.4355165,932.7845299,0.054282855,0.03395075,0.020610252,0.037804131,1012.301245,980.7563057,0.9,1.1
c001101001,949.817261,934.2464862,908.2951949,0.056638993,0.036692193,0.020553046,0.039445013,987.2828155,955.0075192,0.9,1.1
c001101101,940.8919721,925.4675135,899.7600826,0.058686753,0.036531941,0.019798178,0.040871131,979.3472915,946.0334582,0.9,1.1
c000110001,993.1038941,976.8235024,949.6895162,0.055472426,0.033558374,0.019902886,0.038632582,1031.470062,998.5306913,0.9,1.1
c000110101,982.1570209,966.0560861,939.2211949,0.057267296,0.034936353,0.020729363,0.039882581,1021.327978,987.5239992,0.9,1.1
c001110001,959.4132566,943.6851704,917.4716935,0.054573044,0.036706097,0.019620899,0.038006227,995.8769344,964.655952,0.9,1.1
c001110101,949.8658806,934.2943088,908.3416891,0.054074036,0.03610696,0.01995565,0.037658704,985.6365986,955.0564046,0.9,1.1
c000111001,972.4154234,956.474187,929.9054596,0.055339527,0.033796692,0.020919279,0.038540027,1009.892341,977.7291689,0.9,1.1
c000111101,961.5960809,945.8322108,919.5590938,0.057021462,0.033409001,0.019071918,0.039711375,999.7823838,966.8507043,0.9,1.1
c001111001,938.6187584,923.2315656,897.5862444,0.055622808,0.035387446,0.02063552,0.038737313,974.9783271,943.7478227,0.9,1.1
c001111101,929.1295883,913.8979557,888.5119014,0.057703888,0.035186768,0.020697746,0.040186637,966.4681814,934.2067991,0.9,1.1
c010100001,952.9788259,937.3562222,911.3185493,0.058446725,0.03551787,0.020904342,0.040703969,991.7688465,958.1863605,0.9,1.1
c010100101,941.8185497,926.3789013,900.6461541,0.053920354,0.036535957,0.020388341,0.037551675,977.185414,946.9650991,0.9,1.1
c011100001,920.0877458,905.0043402,879.8653307,0.058627596,0.034686744,0.020048918,0.040829933,957.6548667,925.1155477,0.9,1.1
c011100101,910.2351647,895.3132767,870.4434635,0.0542794,0.033309342,0.020841739,0.037801725,944.6436241,915.2091273,0.9,1.1
c010101001,932.3439592,917.059632,891.5857534,0.054205424,0.036659883,0.019009727,0.037750206,967.5401355,937.438735,0.9,1.1
c010101101,921.183683,906.0823112,880.9133581,0.055747543,0.034309477,0.019137975,0.038824182,956.9478859,926.2174736,0.9,1.1
c011101001,899.3684624,884.6247171,860.0518083,0.055060599,0.035032355,0.019429087,0.038345774,933.8554422,904.2830442,0.9,1.1
c011101101,889.4945824,874.912704,850.6095733,0.057411953,0.033767639,0.020587408,0.039983325,925.0595331,894.3552085,0.9,1.1
c010110001,939.4382322,924.0376054,898.3698942,0.057119204,0.033424857,0.019716868,0.039779446,976.8085642,944.5717744,0.9,1.1
c010110101,929.1517824,913.919786,888.5331253,0.054518158,0.035752475,0.020545677,0.037968003,964.42982,934.2291146,0.9,1.1
c011110001,909.8205724,894.9054811,870.0469955,0.054051125,0.033698132,0.020418142,0.037642748,944.0687186,914.7922695,0.9,1.1
c011110101,899.9762269,885.2225182,860.6330038,0.055161153,0.036684432,0.020061437,0.038415803,934.549536,904.8941297,0.9,1.1
c010111001,918.7951647,903.7329489,878.6292559,0.057984959,0.034608517,0.020456105,0.040382382,955.8983023,923.8159033,0.9,1.1
c010111101,908.2819067,893.3920394,868.5755938,0.054338299,0.034889759,0.020830783,0.037842744,942.6537862,913.2451958,0.9,1.1
c011111001,889.2068641,874.6297023,850.3344328,0.055212486,0.033265487,0.020834,0.038451552,923.3982484,894.065918,0.9,1.1
c011111101,879.4336017,865.0166574,840.9884169,0.053554419,0.036499579,0.019352216,0.037296828,912.2336852,884.2392498,0.9,1.1
c100000001,910.425,895.5,870.625,0.055321528,0.034671873,0.020623341,0.038527492,945.5013923,915.4,0.9,1.1
c100000101,900.4168817,885.6559492,861.054395,0.058073217,0.035784688,0.020181096,0.040443847,936.8332046,905.3371925,0.9,1.1
c101000001,882.0780081,867.6177128,843.5172208,0.054965491,0.033319297,0.019346341,0.038279538,915.8435471,886.8981065,0.9,1.1
c101000101,872.5392421,858.2353201,834.3954501,0.055358574,0.035959566,0.020374322,0.038553293,906.178503,877.3072161,0.9,1.1
c100001001,889.9389011,875.3497388,851.0344683,0.056682403,0.034947917,0.020829529,0.039475245,925.069457,894.8019552,0.9,1.1
c100001101,879.6650149,865.2442769,841.2097137,0.056324831,0.035360398,0.019594218,0.039226222,914.1709497,884.4719275,0.9,1.1
c101001001,861.7855669,847.6579347,824.1118809,0.057743008,0.033640076,0.020436137,0.04021388,896.4413086,866.4947777,0.9,1.1
c101001101,851.8162619,837.8520609,814.5783925,0.05650523,0.033292684,0.019090574,0.039351857,885.3368135,856.4709956,0.9,1.1
c100010001,898.8345182,884.0995261,859.5412059,0.056745977,0.036032925,0.019280718,0.03951952,934.3560268,903.7461822,0.9,1.1
c100010101,889.1936496,874.6167045,850.3217961,0.053739281,0.036152669,0.020741827,0.03742557,922.4722292,894.0526313,0.9,1.1
c101010001,872.4365935,858.1343543,834.2972889,0.056112961,0.033833875,0.019879786,0.039078669,906.5302547,877.2040066,0.9,1.1
c101010101,862.8131758,848.6686975,825.0945671,0.057162797,0.035656562,0.019096314,0.039809805,897.1616,867.5280019,0.9,1.1
c100011001,878.087005,863.6921361,839.7006879,0.053957898,0.034426503,0.020661017,0.037577822,911.0836018,882.8852947,0.9,1.1
c100011101,868.4833955,854.2459628,830.5169082,0.057286258,0.033586734,0.01906409,0.039895787,903.1322241,873.2292064,0.9,1.1
c101011001,851.5923591,837.6318286,814.3642778,0.057099887,0.033347777,0.019607361,0.039765993,885.4567749,856.2458693,0.9,1.1
c101011101,842.291838,828.4837751,805.4703369,0.058719528,0.033323919,0.019293633,0.040893957,876.7364844,846.8945256,0.9,1.1
c110000001,861.5337643,847.41026,823.8710861,0.057194969,0.033604464,0.02008394,0.03983221,895.8505585,866.2415991,0.9,1.1
c110000101,851.3366444,837.380306,814.119742,0.058412047,0.036612406,0.019835314,0.040679818,885.9688645,855.9887573,0.9,1.1
c111000001,834.9389486,821.2514248,798.4388853,0.05447484,0.035434868,0.020734635,0.037937835,866.6147245,839.5014565,0.9,1.1
c111000101,826.0136138,812.472407,789.903729,0.057068222,0.034311561,0.019421423,0.039743941,858.8426498,830.5273494,0.9,1.1
c110001001,840.7965006,827.0129514,804.0403694,0.055078627,0.033745904,0.020391094,0.038358329,873.0480496,845.391017,0.9,1.1
c110001101,830.3890726,816.776137,794.0879109,0.055780673,0.034667174,0.020572543,0.038847255,862.6474082,834.9267178,0.9,1.1
c111001001,814.4951893,801.1428092,778.8888422,0.055508299,0.034974311,0.019558007,0.038657565,845.9815902,818.9459827,0.9,1.1
c111001101,805.6071484,792.4004738,770.3893496,0.05566363,0.03542638,0.020385153,0.038765742,836.8371074,810.0093733,0.9,1.1
c110010001,850.2620915,836.3233687,813.092164,0.056155474,0.034044939,0.01936294,0.039108276,883.5143764,854.9083324,0.9,1.1
c110010101,840.2405212,826.4660864,803.5086951,0.057925498,0.036530264,0.019394488,0.040340972,874.1366404,844.8319995,0.9,1.1
c111010001,825.8185979,812.2805881,789.7172384,0.058009281,0.035081225,0.019538958,0.04039932,859.1811081,830.3312678,0.9,1.1
c111010101,817.3556558,803.9563828,781.624261,0.058048164,0.035634248,0.020916616,0.0404264,850.3984022,821.8220802,0.9,1.1
c110011001,829.8119208,816.2084467,793.5359898,0.053239185,0.036428745,0.020929346,0.037077289,860.5790975,834.3464122,0.9,1.1
c110011101,819.6593974,806.2223581,783.8272926,0.055191736,0.035421228,0.019966023,0.038437102,851.164729,824.1384105,0.9,1.1
c111011001,805.220584,792.0202466,770.0196842,0.057588896,0.034845288,0.020802092,0.040106553,837.5152059,809.6206965,0.9,1.1
c111011101,796.7675121,783.7057496,761.9361455,0.053264962,0.03439483,0.019722832,0.037095241,826.3237954,801.121433,0.9,1.1
c100100001,904.4481124,889.6210942,864.9093971,0.05530123,0.034251344,0.020783767,0.038513356,939.2814449,909.3904518,0.9,1.1
c100100101,894.8684085,880.1984346,855.7484781,0.054228255,0.034914697,0.020006237,0.037766106,928.6641039,899.7583998,0.9,1.1
c101100001,879.620226,865.2002223,841.1668828,0.056745414,0.035729833,0.019555409,0.039519127,914.3820497,884.4268939,0.9,1.1
c101100101,869.6629336,855.4061642,831.6448819,0.055769251,0.034839974,0.019399114,0.0388393,903.440033,874.4151901,0.9,1.1
c100101001,883.8847273,869.3948137,845.2449578,0.058194645,0.034960676,0.019724667,0.040528413,919.707173,888.7146984,0.9,1.1
c100101101,874.1986875,859.8675615,835.9823514,0.055840352,0.036632777,0.020939205,0.038888817,908.1952401,878.9757295,0.9,1.1
c101101001,858.9471832,844.8660819,821.3975796,0.054466315,0.033263278,0.020747389,0.037931898,891.52868,863.6408837,0.9,1.1
c101101101,848.99122,835.0733311,811.8768497,0.056453563,0.036408973,0.020000322,0.039315874,882.3700519,853.6305163,0.9,1.1
c100110001,893.5946125,878.9455205,854.5303671,0.057011266,0.036467962,0.020509456,0.039704274,929.0741381,898.4776431,0.9,1.1
c100110101,883.4159734,868.9337443,844.7966959,0.05844098,0.035876011,0.019174655,0.040699968,919.3709757,888.2433831,0.9,1.1
c101110001,869.7905025,855.5316418,831.7668739,0.054912333,0.034251214,0.019375247,0.038242518,903.053481,874.543456,0.9,1.1
c101110101,861.0171751,846.9021395,823.37708,0.058606352,0.033582915,0.020093322,0.040815138,896.1597097,865.722187,0.9,1.1
c100111001,872.7598575,858.4523188,834.6064211,0.054356045,0.033695761,0.01912954,0.037855103,905.7982715,877.529037,0.9,1.1
c100111101,862.6553539,848.5134629,824.9436445,0.055125787,0.033600507,0.019204225,0.038391173,895.773705,867.3693176,0.9,1.1
c101111001,849.1551256,835.2345498,812.0335901,0.054950639,0.033394254,0.020725997,0.038269195,881.6516088,853.7953176,0.9,1.1
c101111101,840.2289984,826.4547525,803.4976761,0.056389372,0.034823975,0.0195379,0.03927117,873.2257739,844.8204137,0.9,1.1
c110100001,855.5728943,841.5471092,818.1708006,0.053536111,0.035657136,0.020743535,0.037284078,887.4721405,860.2481561,0.9,1.1
c110100101,844.9860446,831.1338144,808.046764,0.054038815,0.034396215,0.020843858,0.037634174,876.7863969,849.6034547,0.9,1.1
c111100001,832.3473355,818.7022973,795.9605668,0.05593555,0.035236029,0.020087363,0.038955116,864.7715221,836.8956816,0.9,1.1
c111100101,823.6364503,810.1342134,787.6304852,0.058226613,0.034230275,0.02071961,0.040550677,857.035466,828.1371959,0.9,1.1
c110101001,834.9439475,821.2563418,798.4436657,0.058057161,0.033416965,0.019559197,0.040432665,868.7029568,839.5064828,0.9,1.1
c110101101,824.3775282,810.8631425,788.3391663,0.056284492,0.034321815,0.019218261,0.039198128,856.6915845,828.8823234,0.9,1.1
c111101001,811.800305,798.4921033,776.3117671,0.057561943,0.034500977,0.019538837,0.040087782,844.3435784,816.2363722,0.9,1.1
c111101101,803.3580634,790.1882591,768.2385852,0.055602377,0.035560829,0.020439437,0.038723084,834.4665651,807.7479982,0.9,1.1
c110110001,844.345124,830.5034007,807.4338618,0.055049281,0.036579618,0.020212963,0.038337892,876.715536,848.9590318,0.9,1.1
c110110101,834.7962515,821.1110671,798.3024263,0.058555529,0.034030814,0.019150414,0.040779743,868.8390283,839.3579797,0.9,1.1
c111110001,823.4237147,809.9249653,787.4270496,0.054177821,0.034946454,0.019519223,0.037730983,854.4923007,827.9232979,0.9,1.1
c111110101,814.6450711,801.2902339,779.0321718,0.05623942,0.033443013,0.020713454,0.039166739,846.5520617,819.0966835,0.9,1.1
c110111001,823.5761433,810.0748951,787.5728147,0.055856144,0.03514204,0.019135894,0.038899815,855.6131027,828.0765594,0.9,1.1
c110111101,814.4109233,801.0599246,778.80826,0.054962835,0.034203628,0.020845691,0.038277689,845.5846912,818.8612563,0.9,1.1
c111111001,802.9428896,789.7798914,767.8415611,0.058537457,0.036629382,0.020625352,0.040767158,835.676589,807.3305557,0.9,1.1
c111111101,794.0514491,781.0342122,759.3388175,0.058472889,0.03411314,0.019324524,0.040722191,826.3869637,798.3905281,0.9,1.1
c000000111,994.5758577,978.2713354,951.0971317,0.058203976,0.033648392,0.019503787,0.040534912,1034.890903,1000.010698,0.9,1.1
c001000011,965.279751,949.4554927,923.0817291,0.057625597,0.036530913,0.0203793,0.040132112,1004.018466,970.5545037,0.9,1.1
c001000111,955.9368126,940.2657173,914.1472251,0.05479484,0.035484303,0.019223481,0.038160692,992.4160228,961.160511,0.9,1.1
c000001011,984.5907929,968.4499602,941.5485724,0.056232186,0.036677026,0.019936378,0.039161701,1023.149043,989.9710704,0.9,1.1
c000001111,973.9188336,957.9529511,931.3431469,0.058697597,0.036670976,0.019035861,0.040878684,1013.731354,979.2407945,0.9,1.1
c001001011,944.5219936,929.0380264,903.2314146,0.054724961,0.033635981,0.019537619,0.038112027,980.519641,949.6833159,0.9,1.1
c001001111,935.0511971,919.722489,894.1746421,0.054950937,0.03605437,0.020047458,0.038269403,970.8350478,940.1607665,0.9,1.1
c000010011,991.6388341,975.3824598,948.2885026,0.058647881,0.03391078,0.01923984,0.04084406,1032.14139,997.0576256,0.9,1.1
c000010111,980.6079014,964.5323621,937.7397965,0.058799589,0.034599442,0.019773766,0.040949714,1020.763514,985.9664146,0.9,1.1
c001010011,953.8355089,938.1988612,912.1377817,0.056099254,0.035327106,0.019845028,0.039069123,991.1010259,959.0477248,0.9,1.1
c001010111,944.6758214,929.1893325,903.3785177,0.058033454,0.036429263,0.019602836,0.040416155,982.8559863,949.8379843,0.9,1.1
c000011011,970.6616134,954.7491279,928.2283188,0.053878156,0.033782493,0.019275324,0.037522287,1007.083057,975.9657752,0.9,1.1
c000011111,959.8014292,944.0669796,917.8428968,0.053819142,0.035960042,0.019547725,0.037481188,995.7759274,965.0462458,0.9,1.1
c001011011,933.1339886,917.8367101,892.3412459,0.057331732,0.034331926,0.020033189,0.039927456,970.3916552,938.2330814,0.9,1.1
c001011111,923.8177507,908.6731974,883.4322753,0.058671105,0.036682224,0.019910296,0.040860234,961.5651601,928.8659351,0.9,1.1
c010000011,950.3097748,934.730926,908.7661781,0.057810397,0.035559374,0.019960811,0.040260812,988.5700182,955.5027244,0.9,1.1
c010000111,939.7546705,924.3488563,898.6724992,0.055439936,0.034112673,0.019233326,0.038609955,976.0385562,944.889942,0.9,1.1
c011000011,914.1905241,899.2037942,874.2259111,0.058440852,0.034079116,0.019436322,0.040699879,951.3979681,919.1861008,0.9,1.1
c011000111,904.5219332,889.6937048,864.9799907,0.058333113,0.033933738,0.019017771,0.040624847,941.2679979,909.464676,0.9,1.1
c010001011,929.2428756,914.0093858,888.6202362,0.054885856,0.034392619,0.019746471,0.038224078,964.762328,934.3207055,0.9,1.1
c010001111,918.9981609,903.9326173,878.8233779,0.055034899,0.034228344,0.019796895,0.038327876,954.2214085,924.0200088,0.9,1.1
c011001011,893.4152977,878.7691453,854.3588912,0.055922939,0.035345963,0.019229306,0.038946333,928.2105472,898.2973485,0.9,1.1
c011001111,883.7038996,869.2169505,845.0720352,0.055074608,0.034997775,0.020615506,0.038355531,917.5988318,888.5328827,0.9,1.1
c010010011,937.9005647,922.5251456,896.8994471,0.054554957,0.034219177,0.020191203,0.037993631,973.5348126,943.0257044,0.9,1.1
c010010111,927.2952075,912.0936467,886.7577121,0.053209604,0.036605146,0.019052207,0.037056689,961.6576973,932.3623944,0.9,1.1
c011010011,904.1541713,889.3319718,864.6283059,0.057791621,0.035942146,0.019040686,0.040247736,940.5443299,909.0949045,0.9,1.1
c011010111,894.2344447,879.5748636,855.1422285,0.056509526,0.033745468,0.020842603,0.039354848,929.4269057,899.1209717,0.9,1.1
c010011011,916.8353021,901.8052151,876.7550703,0.058200717,0.035957799,0.02064429,0.040532642,953.9970593,921.845331,0.9,1.1
c010011111,906.2109326,891.3550156,866.5951541,0.057367276,0.03386584,0.019873345,0.03995221,942.4160619,911.1629049,0.9,1.1
c011011011,883.5544902,869.0699904,844.9291573,0.055850659,0.035808028,0.019267948,0.038895995,917.9212209,888.3826568,0.9,1.1
c011011111,873.6190513,859.2974275,835.4280546,0.057787693,0.03402458,0.019162787,0.040245001,908.7778506,878.3929259,0.9,1.1
c000100011,997.6220598,981.2675998,954.0101665,0.057545246,0.036146446,0.019983422,0.040076153,1037.602915,1003.073546,0.9,1.1
c000100111,986.9778182,970.797854,943.8312469,0.058590201,0.035598452,0.020617777,0.04080389,1027.250353,992.3711396,0.9,1.1
c001100011,961.4022739,945.6415809,919.3737592,0.053601279,0.033351225,0.020609288,0.037329462,997.2909038,966.6558382,0.9,1.1
c001100111,952.4758459,936.8614878,910.8375575,0.058535545,0.035774679,0.019994621,0.040765826,991.3043105,957.6806319,0.9,1.1
c000101011,976.987082,960.9709003,934.2772642,0.056552941,0.035497017,0.019571057,0.039385084,1015.4658,982.3258092,0.9,1.1
c000101111,966.2761084,950.4355165,924.0345299,0.057078929,0.033574282,0.020746456,0.039751397,1004.686934,971.5563057,0.9,1.1
c001101011,940.667261,925.2464862,899.5451949,0.05477485,0.036444963,0.020235461,0.03814677,976.5506788,945.8075192,0.9,1.1
c001101111,931.7419721,916.4675135,891.0100826,0.053596852,0.034409766,0.019017281,0.037326379,966.5205263,936.8334582,0.9,1.1
c000110011,983.9538941,967.8235024,940.9395162,0.054348319,0.033257525,0.020220725,0.037849722,1021.196275,989.3306913,0.9,1.1
c000110111,973.0070209,957.0560861,930.4711949,0.055729272,0.033754051,0.01947582,0.038811457,1010.770841,978.3239992,0.9,1.1
c001110011,950.2632566,934.6851704,908.7216935,0.058451496,0.035001013,0.019377594,0.040707292,988.9459004,955.455952,0.9,1.1
c001110111,940.7158806,925.2943088,899.5916891,0.055639752,0.036176007,0.020113668,0.038749113,977.1677865,945.8564046,0.9,1.1
c000111011,963.2654234,947.474187,921.1554596,0.055186105,0.034447236,0.020592371,0.038433181,1000.286777,968.5291689,0.9,1.1
c000111111,952.4460809,936.8322108,910.8090938,0.058148176,0.033947858,0.019391348,0.040496051,991.016386,957.6507043,0.9,1.1
c001111011,929.4687584,914.2315656,888.8362444,0.05769942,0.034814918,0.019260805,0.040183524,966.8180889,934.5478227,0.9,1.1
c001111111,919.9795883,904.8979557,879.7619014,0.055484639,0.034267837,0.020925544,0.038641088,955.5286003,925.0067991,0.9,1.1
c010100011,943.8288259,928.3562222,902.5685493,0.054131439,0.035131568,0.019659104,0.037698681,979.4099276,948.9863605,0.9,1.1
c010100111,932.6685497,917.3789013,891.8961541,0.054662467,0.034752506,0.020485774,0.038068504,968.1738457,937.7650991,0.9,1.1
c011100011,910.9377458,896.0043402,871.1153307,0.056598108,0.035181407,0.020265692,0.039416539,946.8437592,915.9155477,0.9,1.1
c011100111,901.0851647,886.3132767,861.6934635,0.053402121,0.035439855,0.020622086,0.037190763,934.5972095,906.0091273,0.9,1.1
c010101011,923.1939592,908.059632,882.8357534,0.055655398,0.034537958,0.019364135,0.038760009,958.9769654,928.238735,0.9,1.1
c010101111,912.033683,897.0823112,872.1633581,0.054779813,0.033598572,0.019395948,0.038150227,946.8279749,917.0174736,0.9,1.1
c011101011,890.2184624,875.6247171,851.3018083,0.054814052,0.033313129,0.020896222,0.038174072,924.2017261,895.0830442,0.9,1.1
c011101111,880.3445824,865.912704,841.8595733,0.056153152,0.036561669,0.019888551,0.039106659,914.771918,885.1552085,0.9,1.1
c010110011,930.2882322,915.0376054,889.6198942,0.054881922,0.033526162,0.02063045,0.038221338,965.8450934,935.3717744,0.9,1.1
c010110111,920.0017824,904.919786,879.7831253,0.056922078,0.036521103,0.019333861,0.039642162,956.4726419,925.0291146,0.9,1.1
c011110011,900.6705724,885.9054811,861.2969955,0.057609726,0.033652427,0.020474604,0.040121059,936.8064299,905.5922695,0.9,1.1
c011110111,890.8262269,876.2225182,851.8830038,0.054221971,0.035611128,0.020557571,0.03776173,924.4653662,895.6941297,0.9,1.1
c010111011,909.6451647,894.7329489,869.8792559,0.057009905,0.03495872,0.020214247,0.039703327,945.7611041,914.6159033,0.9,1.1
c010111111,899.1319067,884.3920394,859.8255938,0.058463193,0.035961642,0.019117175,0.040715438,935.7404564,904.0451958,0.9,1.1
c011111011,880.0568641,865.6297023,841.5844328,0.057176385,0.034764421,0.020767345,0.039819268,915.1000841,884.865918,0.9,1.1
c011111111,870.2836017,856.0166574,832.2384169,0.055948382,0.034165702,0.019672745,0.038964052,904.1933772,875.0392498,0.9,1.1
c100000011,901.275,886.5,861.875,0.057358579,0.035192818,0.02090426,0.039946153,937.2774691,906.2,0.9,1.1
c100000111,891.2668817,876.6559492,852.304395,0.055382101,0.036268386,0.019790168,0.038569677,925.6427578,896.1371925,0.9,1.1
c101000011,872.9280081,858.6177128,834.7672208,0.058649069,0.03413559,0.019989979,0.040844887,908.5826541,877.6981065,0.9,1.1
c101000111,863.3892421,849.2353201,825.6454501,0.056720532,0.03515305,0.020873793,0.039501799,897.4946706,868.1072161,0.9,1.1
c100001011,880.7889011,866.3497388,842.2844683,0.058460439,0.035352915,0.019053282,0.04071352,916.648918,885.6019552,0.9,1.1
c100001111,870.5150149,856.2442769,832.4597137,0.056176171,0.035809707,0.019315711,0.039122691,904.5719045,875.2719275,0.9,1.1
c101001011,852.6355669,838.6579347,815.3618809,0.056843363,0.036223005,0.019938498,0.039587342,886.389143,857.2947777,0.9,1.1
c101001111,842.6662619,828.8520609,805.8283925,0.055573291,0.033339906,0.020073544,0.038702828,875.2798291,847.2709956,0.9,1.1
c100010011,889.6845182,875.0995261,850.7912059,0.055638519,0.034436093,0.019773605,0.038748254,924.1582401,894.5461822,0.9,1.1
c100010111,880.0436496,865.6167045,841.5717961,0.054035669,0.035075452,0.019849762,0.037631984,913.1614382,884.8526313,0.9,1.1
c101010011,863.2865935,849.1343543,825.5472889,0.058214341,0.033298137,0.019289687,0.040542131,898.2860713,868.0040066,0.9,1.1
c101010111,853.6631758,839.6686975,816.3445671,0.055659259,0.035106026,0.019260416,0.038762698,886.7534641,858.3280019,0.9,1.1
c100011011,868.937005,854.6921361,830.9506879,0.057030014,0.036179896,0.019890318,0.039717331,903.4488637,873.6852947,0.9,1.1
c100011111,859.3333955,845.2459628,821.7669082,0.058381451,0.034215163,0.019194887,0.040658511,894.2726117,864.0292064,0.9,1.1
c101011011,842.4423591,828.6318286,805.6142778,0.058452744,0.035541595,0.020645975,0.040708161,876.7366385,847.0458693,0.9,1.1
c101011111,833.141838,819.4837751,796.7203369,0.057798012,0.033947026,0.020622183,0.040252187,866.6776193,837.6945256,0.9,1.1
c110000011,852.3837643,838.41026,815.1210861,0.05418553,0.036672772,0.020827196,0.037736351,884.5496173,857.0415991,0.9,1.1
c110000111,842.1866444,828.380306,805.369742,0.054546246,0.035494197,0.020308608,0.037987564,874.1792635,846.7887573,0.9,1.1
c111000011,825.7889486,812.2514248,789.6888853,0.054513883,0.033603792,0.019762594,0.037965026,857.1400473,830.3014565,0.9,1.1
c111000111,816.8636138,803.472407,781.153729,0.054810455,0.034670982,0.019540107,0.038171567,848.0445779,821.3273494,0.9,1.1
c110001011,831.6465006,818.0129514,795.2903694,0.05866531,0.035315205,0.020775646,0.040856198,865.6244149,836.191017,0.9,1.1
c110001111,821.2390726,807.776137,785.3379109,0.054816121,0.035999357,0.020346222,0.038175513,852.5902956,825.7267178,0.9,1.1
c111001011,805.3451893,792.1428092,770.1388422,0.056482792,0.035852118,0.020092198,0.03933623,837.0244331,809.7459827,0.9,1.1
c111001111,796.4571484,783.4004738,761.6393496,0.053501126,0.033729585,0.019415929,0.037259713,826.1329129,800.8093733,0.9,1.1
c110010011,841.1120915,827.3233687,804.342164,0.058633467,0.036028285,0.019091902,0.040834022,875.4580811,845.7083324,0.9,1.1
c110010111,831.0905212,817.4660864,794.7586951,0.056559338,0.036639623,0.02070744,0.039389539,863.8267935,835.6319995,0.9,1.1
c111010011,816.6685979,803.2805881,780.9672384,0.058362737,0.036738638,0.020418589,0.040645477,849.8624829,821.1312678,0.9,1.1
c111010111,808.2056558,794.9563828,772.874261,0.057752229,0.034265687,0.020746163,0.040220303,840.7119318,812.6220802,0.9,1.1
c110011011,820.6619208,807.2084467,784.7859898,0.053317389,0.035048062,0.020879001,0.037131753,851.1345366,825.1464122,0.9,1.1
c110011111,810.5093974,797.2223581,775.0772926,0.058461355,0.036188236,0.019523144,0.040714158,843.5086049,814.9384105,0.9,1.1
c111011011,796.070584,783.0202466,761.2696842,0.058462329,0.035241387,0.019611115,0.040714837,828.4824678,800.4206965,0.9,1.1
c111011111,787.6175121,774.7057496,753.1861455,0.057376307,0.033938514,0.019899125,0.039958499,819.089526,791.921433,0.9,1.1
c100100011,895.2981124,880.6210942,856.1593971,0.054567215,0.035373637,0.020593186,0.038002167,929.3213811,900.1904518,0.9,1.1
c100100111,885.7184085,871.1984346,846.9984781,0.053540709,0.035060989,0.020692049,0.03728728,918.7444385,890.5583998,0.9,1.1
c101100011,870.470226,856.2002223,832.4168828,0.054728712,0.036591748,0.019503276,0.038114639,903.647884,875.2268939,0.9,1.1
c101100111,860.5129336,846.4061642,822.8948819,0.057205671,0.033404509,0.020813239,0.039839664,894.7954794,865.2151901,0.9,1.1
c100101011,874.7347273,860.3948137,836.4949578,0.056362219,0.033560547,0.02026438,0.03925226,909.0700419,879.5146984,0.9,1.1
c100101111,865.0486875,850.8675615,827.2323514,0.056434855,0.033494151,0.020303736,0.039302845,899.0475623,869.7757295,0.9,1.1
c101101011,849.7971832,835.8660819,812.6475796,0.054926057,0.036211129,0.020804362,0.038252075,882.3036889,854.4408837,0.9,1.1
c101101111,839.84122,826.0733311,803.1268497,0.058502093,0.034725517,0.020586149,0.040742529,874.0584751,844.4305163,0.9,1.1
c100110011,884.4446125,869.9455205,845.7803671,0.055016829,0.035560618,0.019406632,0.038315292,918.3323656,889.2776431,0.9,1.1
c100110111,874.2659734,859.9337443,836.0466959,0.057705612,0.035704543,0.020460042,0.040187837,909.4008317,879.0433831,0.9,1.1
c101110011,860.6405025,846.5316418,823.0168739,0.056213806,0.035693568,0.019328797,0.039148901,894.333632,865.343456,0.9,1.1
c101110111,851.8671751,837.9021395,814.62708,0.054392196,0.034109767,0.020240611,0.037880279,884.1361418,856.522187,0.9,1.1
c100111011,863.6098575,849.4523188,825.8564211,0.058101808,0.03614491,0.019303495,0.040463759,898.5547584,868.329037,0.9,1.1
c100111111,853.5053539,839.5134629,816.1936445,0.053224335,0.034112982,0.019979232,0.037066947,885.1421919,858.1693176,0.9,1.1
c101111011,840.0051256,826.2345498,803.2835901,0.058374142,0.034286299,0.019190173,0.04065342,874.1542071,844.5953176,0.9,1.1
c101111111,831.0789984,817.4547525,794.7476761,0.055922955,0.036402429,0.01935994,0.038946344,863.446487,835.6204137,0.9,1.1
c110100011,846.4228943,832.5471092,809.4208006,0.053417572,0.03391707,0.02049916,0.037201523,877.9111151,851.0481561,0.9,1.1
c110100111,835.8360446,822.1338144,799.296764,0.057527552,0.035119354,0.020638903,0.040063831,869.3228383,840.4034547,0.9,1.1
c111100011,823.1973355,809.7022973,787.2105668,0.054536267,0.03401057,0.019750541,0.037980615,854.4628765,827.6956816,0.9,1.1
c111100111,814.4864503,801.1342134,778.8804852,0.055642068,0.033634384,0.019055308,0.038750726,846.0483912,818.9371959,0.9,1.1
c110101011,825.7939475,812.2563418,789.6936657,0.056222996,0.033287424,0.019097473,0.039155301,858.1281578,830.3064828,0.9,1.1
c110101111,815.2275282,801.8631425,779.5891663,0.054887336,0.033327826,0.020613366,0.038225109,846.3896895,819.6823234,0.9,1.1
c111101011,802.650305,789.4921033,767.5617671,0.055714704,0.03460455,0.020739041,0.038801312,833.7941896,807.0363722,0.9,1.1
c111101111,794.2080634,781.1882591,759.4885852,0.054760595,0.034351251,0.020044809,0.038136843,824.4966514,798.5479982,0.9,1.1
c110110011,835.195124,821.5034007,798.6838618,0.055814297,0.034496755,0.01919639,0.038870671,867.6597189,839.7590318,0.9,1.1
c110110111,825.6462515,812.1110671,789.5524263,0.058217811,0.033592988,0.019876028,0.040544547,859.1217049,830.1579797,0.9,1.1
c111110011,814.2737147,800.9249653,778.6770496,0.058493137,0.035242959,0.019074243,0.040736291,847.4442061,818.7232979,0.9,1.1
c111110111,805.4950711,792.2902339,770.2821718,0.05699466,0.035980518,0.019720376,0.03969271,837.4673533,809.8966835,0.9,1.1
c110111011,814.4261433,801.0748951,778.8228147,0.05679794,0.034756163,0.020958615,0.039555708,846.6413462,818.8765594,0.9,1.1
c110111111,805.2609233,792.0599246,770.05826,0.056217592,0.033825781,0.020911849,0.039151537,836.7881263,809.6612563,0.9,1.1
c111111011,793.7928896,780.7798914,759.0915611,0.058147001,0.034346458,0.019029668,0.040495233,825.9377178,798.1305557,0.9,1.1
c111111111,784.9014491,772.0342122,750.5888175,0.056355358,0.036059771,0.020711234,0.039247481,815.7068542,789.1905281,0.9,1.1